ttnumber,Action,Adventure,Animation,Comedy,Crime,Horror,Documentary,Biography,Drama,Romance,Sci-Fi,Thriller,Family,Fantasy,History,Mystery,Sport,Music,gross
tt0484562,0.0,20651610.0376,0.0,0.0,0.0,0.0,0.0,0.0,21809506.0657,0.0,0.0,0.0,24413597.6691,0.0,0.0,0.0,0.0,0.0,11066344.0
tt0301199,0.0,0.0,0.0,0.0,13072822.7872,0.0,0.0,0.0,17697075.7671,0.0,0.0,14847012.0324,0.0,0.0,0.0,0.0,0.0,0.0,12090254.0
tt0296166,0.0,0.0,0.0,13820101.47,0.0,0.0,0.0,0.0,13213788.1188,0.0,0.0,0.0,0.0,0.0,0.0,0.0,0.0,0.0,8712062.0
tt1600196,0.0,0.0,0.0,0.0,19260311.8289,0.0,0.0,0.0,21578292.5444,0.0,0.0,0.0,0.0,0.0,0.0,20567263.895,0.0,0.0,8078234.0
tt0381681,0.0,0.0,0.0,0.0,0.0,0.0,0.0,0.0,13626381.2414,16196734.4412,0.0,0.0,0.0,0.0,0.0,0.0,0.0,0.0,13411775.0
tt0414993,0.0,0.0,0.0,0.0,0.0,0.0,0.0,0.0,31733971.9418,0.0,11357897.1281,0.0,0.0,0.0,0.0,0.0,0.0,0.0,68974383.0
tt0443536,63527455.7106,0.0,75988133.635,73180898.395,0.0,0.0,0.0,0.0,0.0,0.0,0.0,0.0,0.0,0.0,0.0,0.0,0.0,0.0,13236279.0
tt0472160,0.0,0.0,0.0,23921616.6486,0.0,0.0,0.0,0.0,0.0,25639447.5508,0.0,0.0,0.0,19817858.9903,0.0,0.0,0.0,0.0,92415443.0
tt0209475,0.0,0.0,0.0,70871706.3397,0.0,0.0,0.0,0.0,0.0,69029348.5431,0.0,0.0,0.0,0.0,0.0,0.0,0.0,0.0,37595513.0
tt0308644,0.0,0.0,0.0,0.0,0.0,0.0,0.0,22580840.4361,26393976.3067,0.0,0.0,0.0,32621009.6452,0.0,0.0,0.0,0.0,0.0,72064316.0
tt0427229,0.0,0.0,0.0,110045925.328,0.0,0.0,0.0,0.0,0.0,104230518.772,0.0,0.0,0.0,0.0,0.0,0.0,0.0,0.0,117293673.0
tt0282687,0.0,0.0,0.0,36669158.4949,0.0,0.0,0.0,0.0,0.0,39395653.3953,0.0,0.0,0.0,0.0,0.0,0.0,0.0,0.0,21536106.0
tt0335245,0.0,0.0,0.0,69760254.9006,60540245.2948,0.0,0.0,0.0,0.0,0.0,0.0,59634812.2888,0.0,0.0,0.0,0.0,0.0,0.0,34493482.0
tt1837703,0.0,0.0,0.0,0.0,0.0,0.0,0.0,8035811.50148,14031168.4332,0.0,0.0,11391323.9223,0.0,0.0,0.0,0.0,0.0,0.0,3466313.0
tt0180052,28366331.0036,0.0,0.0,43821203.1843,0.0,0.0,0.0,0.0,0.0,0.0,12592771.7859,0.0,0.0,0.0,0.0,0.0,0.0,0.0,6588277.0
tt1075747,15526832.5784,0.0,0.0,0.0,0.0,0.0,0.0,0.0,25394201.6891,0.0,0.0,0.0,0.0,19466547.331,0.0,0.0,0.0,0.0,28605752.0
tt0462538,0.0,264956774.673,310608276.461,311824773.921,0.0,0.0,0.0,0.0,0.0,0.0,0.0,0.0,0.0,0.0,0.0,0.0,0.0,0.0,42450571.0
tt1600195,28654638.6803,0.0,0.0,0.0,0.0,0.0,0.0,0.0,0.0,0.0,0.0,31852241.0176,0.0,0.0,0.0,30764063.1983,0.0,0.0,42083860.0
tt1126618,0.0,0.0,0.0,35876960.3272,0.0,0.0,0.0,0.0,35697143.9165,37749028.1677,0.0,0.0,0.0,0.0,0.0,0.0,0.0,0.0,103418990.0
tt0368891,155003784.488,166118948.616,0.0,184640730.098,0.0,0.0,0.0,0.0,0.0,0.0,0.0,0.0,0.0,0.0,0.0,0.0,0.0,0.0,10720216.0
tt0275491,0.0,0.0,0.0,0.0,11453521.086,0.0,0.0,0.0,14517889.3199,0.0,0.0,0.0,0.0,0.0,0.0,13066769.5876,0.0,0.0,16102024.0
tt0208874,0.0,0.0,0.0,0.0,0.0,0.0,0.0,0.0,34992683.0997,0.0,0.0,31889235.3486,0.0,0.0,0.0,0.0,0.0,0.0,6568847.0
tt0120804,77422849.1338,0.0,0.0,0.0,0.0,71639738.572,0.0,0.0,0.0,0.0,72655817.1271,0.0,0.0,0.0,0.0,0.0,0.0,0.0,38390985.0
tt0464154,0.0,0.0,0.0,34835929.9334,0.0,26863976.9717,0.0,0.0,0.0,0.0,0.0,0.0,0.0,0.0,0.0,0.0,0.0,0.0,24913450.0
tt1517489,28045987.2705,32990409.0881,0.0,34011463.384,0.0,0.0,0.0,0.0,0.0,0.0,0.0,0.0,0.0,0.0,0.0,0.0,0.0,0.0,111190510.0
tt0442933,120616103.272,140176212.777,163361774.37,0.0,0.0,0.0,0.0,0.0,0.0,0.0,0.0,0.0,0.0,0.0,0.0,0.0,0.0,0.0,133726525.0
tt0265459,0.0,0.0,0.0,0.0,0.0,0.0,0.0,0.0,19745313.8914,0.0,0.0,16012654.7188,0.0,0.0,0.0,0.0,0.0,0.0,78638891.0
tt1509767,29678827.7388,42143047.5498,0.0,0.0,0.0,0.0,0.0,0.0,0.0,43635986.5239,0.0,0.0,0.0,0.0,0.0,0.0,0.0,0.0,348395648.0
tt0482463,0.0,0.0,0.0,0.0,0.0,0.0,0.0,0.0,16170873.1877,19122722.5302,0.0,0.0,0.0,0.0,0.0,0.0,0.0,0.0,9737087.0
tt0247586,0.0,0.0,0.0,0.0,10016190.5163,0.0,0.0,0.0,12213853.6552,0.0,0.0,11805955.378,0.0,0.0,0.0,0.0,0.0,0.0,239906510.0
tt1045655,0.0,0.0,0.0,0.0,0.0,8931021.60606,0.0,0.0,9193788.69985,0.0,0.0,12814425.3588,0.0,0.0,0.0,0.0,0.0,0.0,43404322.0
tt0347149,0.0,34461781.5521,41572716.5639,0.0,0.0,0.0,0.0,0.0,0.0,0.0,0.0,0.0,35852634.2882,0.0,0.0,0.0,0.0,0.0,138878663.0
tt1142977,0.0,0.0,40613622.6008,38971225.3179,0.0,0.0,0.0,0.0,0.0,0.0,0.0,0.0,48213259.17,0.0,0.0,0.0,0.0,0.0,12505690.0
tt0947798,0.0,0.0,0.0,0.0,0.0,0.0,0.0,0.0,20916435.9315,0.0,0.0,17263019.6924,0.0,0.0,0.0,0.0,0.0,0.0,31417682.0
tt0419946,23721952.3065,0.0,0.0,0.0,0.0,0.0,0.0,0.0,26361159.4942,0.0,0.0,26101774.3375,0.0,0.0,0.0,0.0,0.0,0.0,3249756.0
tt0368578,0.0,76508902.2786,0.0,83250672.2405,0.0,0.0,0.0,0.0,0.0,0.0,0.0,0.0,89684133.1085,0.0,0.0,0.0,0.0,0.0,107873286.0
tt1204342,0.0,89539660.6095,0.0,101160474.3,0.0,0.0,0.0,0.0,0.0,0.0,0.0,0.0,105653932.418,0.0,0.0,0.0,0.0,0.0,67434825.0
tt0815236,0.0,0.0,0.0,28334931.7559,0.0,0.0,0.0,0.0,0.0,29963999.5077,0.0,0.0,0.0,0.0,0.0,0.0,0.0,0.0,117572122.0
tt0399201,65369098.5952,86509692.3592,0.0,0.0,0.0,0.0,0.0,0.0,0.0,91499046.6283,0.0,0.0,0.0,0.0,0.0,0.0,0.0,0.0,2627450.0
tt0315327,0.0,0.0,0.0,421059303.164,0.0,0.0,0.0,0.0,357118901.401,0.0,0.0,0.0,0.0,350635778.974,0.0,0.0,0.0,0.0,49955522.0
tt0292644,0.0,0.0,0.0,14050959.9568,0.0,0.0,0.0,0.0,11806191.2189,16245813.5654,0.0,0.0,0.0,0.0,0.0,0.0,0.0,0.0,114086667.0
tt0389557,0.0,0.0,0.0,0.0,0.0,0.0,0.0,0.0,23110732.7836,0.0,0.0,17918772.5429,0.0,0.0,0.0,0.0,0.0,0.0,141198319.0
tt0830515,264901514.249,280236644.963,0.0,0.0,0.0,0.0,0.0,0.0,0.0,0.0,0.0,0.0,0.0,0.0,0.0,0.0,0.0,0.0,9189778.0
tt1067106,0.0,0.0,170335493.003,0.0,0.0,0.0,0.0,0.0,170320959.871,0.0,0.0,0.0,123918332.083,0.0,0.0,0.0,0.0,0.0,220420527.0
tt0468569,572634672.306,0.0,0.0,0.0,571225791.417,0.0,0.0,0.0,566840020.031,0.0,0.0,0.0,0.0,0.0,0.0,0.0,0.0,0.0,3308786.0
tt0167456,20146094.6036,35868552.7464,0.0,28890377.937,0.0,0.0,0.0,0.0,0.0,0.0,0.0,0.0,0.0,0.0,0.0,0.0,0.0,0.0,57961641.0
tt0210567,0.0,0.0,0.0,20224816.6943,0.0,0.0,0.0,0.0,21260831.2766,0.0,0.0,0.0,0.0,0.0,0.0,0.0,0.0,0.0,31309147.0
tt0322589,0.0,0.0,0.0,0.0,0.0,0.0,0.0,0.0,59115064.8195,63730023.5955,0.0,0.0,0.0,0.0,0.0,0.0,0.0,56910747.8997,11567975.0
tt0468565,0.0,0.0,0.0,0.0,10483007.2654,0.0,0.0,0.0,12995478.9812,0.0,0.0,0.0,0.0,0.0,0.0,0.0,0.0,0.0,200363817.0
tt2357291,0.0,128212051.794,145760842.825,145010127.898,0.0,0.0,0.0,0.0,0.0,0.0,0.0,0.0,0.0,0.0,0.0,0.0,0.0,0.0,27698311.0
tt1840417,0.0,0.0,0.0,0.0,0.0,0.0,0.0,0.0,4554176.99916,10562785.7126,0.0,0.0,0.0,0.0,0.0,8576924.94985,0.0,0.0,60465960.0
tt0168786,0.0,0.0,0.0,0.0,0.0,0.0,0.0,18152570.0625,19585270.9149,0.0,0.0,0.0,0.0,0.0,0.0,0.0,0.0,0.0,18080242.0
tt0383222,15423599.6319,28846028.6361,0.0,0.0,0.0,0.0,0.0,0.0,0.0,0.0,0.0,0.0,0.0,19470966.1507,0.0,0.0,0.0,0.0,40235641.0
tt0990407,113193986.569,0.0,0.0,137410503.168,120696835.73,0.0,0.0,0.0,0.0,0.0,0.0,0.0,0.0,0.0,0.0,0.0,0.0,0.0,23899137.0
tt1054606,0.0,36137577.7142,0.0,0.0,0.0,0.0,0.0,0.0,0.0,0.0,0.0,0.0,0.0,27730678.6109,0.0,20425829.4361,0.0,0.0,144404381.0
tt0381849,0.0,64431607.7763,0.0,0.0,57697387.8611,0.0,0.0,0.0,65253935.927,0.0,0.0,0.0,0.0,0.0,0.0,0.0,0.0,0.0,109468243.0
tt0432348,0.0,0.0,0.0,0.0,0.0,100903658.263,0.0,0.0,0.0,0.0,0.0,0.0,0.0,0.0,0.0,115048906.766,0.0,0.0,43965191.0
tt0349467,0.0,0.0,0.0,0.0,29747609.7861,0.0,0.0,0.0,36240643.1577,0.0,0.0,0.0,0.0,0.0,0.0,28885030.0662,0.0,0.0,124521526.0
tt3268668,0.0,0.0,0.0,0.0,8170840.42176,0.0,0.0,0.0,9124839.65808,0.0,0.0,10146697.9128,0.0,0.0,0.0,0.0,0.0,0.0,112972245.0
tt0465494,45965071.2617,0.0,0.0,0.0,47009218.821,0.0,0.0,0.0,47537366.9824,0.0,0.0,0.0,0.0,0.0,0.0,0.0,0.0,0.0,186406933.0
tt0250494,0.0,0.0,0.0,99666488.6159,0.0,0.0,0.0,0.0,0.0,92650254.074,0.0,0.0,0.0,0.0,0.0,0.0,0.0,0.0,35473981.0
tt0492956,0.0,0.0,0.0,88171101.8078,0.0,0.0,0.0,0.0,0.0,0.0,0.0,0.0,97045897.5443,0.0,0.0,0.0,89757852.23,0.0,5132074.0
tt2168910,0.0,0.0,0.0,16054867.4774,0.0,0.0,0.0,0.0,15811374.0912,17902784.691,0.0,0.0,0.0,0.0,0.0,0.0,0.0,0.0,25605103.0
tt0163025,236356606.439,240889881.51,0.0,0.0,0.0,0.0,0.0,0.0,0.0,0.0,221480608.745,0.0,0.0,0.0,0.0,0.0,0.0,0.0,34203756.0
tt1430132,168613908.156,174541134.137,0.0,0.0,0.0,0.0,0.0,0.0,0.0,0.0,162685377.057,0.0,0.0,0.0,0.0,0.0,0.0,0.0,28279675.0
tt0252444,0.0,26290176.8289,0.0,0.0,0.0,0.0,0.0,14787382.1647,15102393.808,0.0,0.0,0.0,0.0,0.0,0.0,0.0,0.0,0.0,22304.0
tt0398286,0.0,214445040.406,253103391.366,234541995.489,0.0,0.0,0.0,0.0,0.0,0.0,0.0,0.0,0.0,0.0,0.0,0.0,0.0,0.0,128358628.0
tt1341188,0.0,0.0,0.0,53729498.8668,0.0,0.0,0.0,0.0,68359138.383,58906980.2105,0.0,0.0,0.0,0.0,0.0,0.0,0.0,0.0,59961111.0
tt0243133,0.0,0.0,0.0,0.0,19016968.2823,0.0,0.0,0.0,26348920.0814,0.0,0.0,0.0,0.0,0.0,0.0,0.0,0.0,0.0,322718696.0
tt1527186,0.0,0.0,0.0,0.0,0.0,0.0,0.0,0.0,15062319.0111,0.0,0.0,0.0,0.0,0.0,0.0,0.0,0.0,0.0,10270287.0
tt0455612,0.0,0.0,0.0,126392101.577,0.0,0.0,0.0,0.0,101433770.636,115575973.161,0.0,0.0,0.0,0.0,0.0,0.0,0.0,0.0,293409209.0
tt0277371,0.0,0.0,0.0,61742642.9975,0.0,0.0,0.0,0.0,0.0,0.0,0.0,0.0,0.0,0.0,0.0,0.0,0.0,0.0,12879334.0
tt0261392,0.0,0.0,0.0,53234325.399,0.0,0.0,0.0,0.0,0.0,0.0,0.0,0.0,0.0,0.0,0.0,0.0,0.0,0.0,27403611.0
tt2381249,173963538.328,182820166.51,0.0,0.0,0.0,0.0,0.0,0.0,0.0,0.0,0.0,174712416.566,0.0,0.0,0.0,0.0,0.0,0.0,41010977.0
tt1213663,30214139.4397,0.0,0.0,35549016.5219,0.0,0.0,0.0,0.0,0.0,0.0,22416055.2003,0.0,0.0,0.0,0.0,0.0,0.0,0.0,6126224.0
tt0276751,0.0,0.0,0.0,55841348.8311,0.0,0.0,0.0,0.0,53733409.7217,55057606.5941,0.0,0.0,0.0,0.0,0.0,0.0,0.0,0.0,20958317.0
tt2193215,0.0,0.0,0.0,0.0,18012980.7139,0.0,0.0,0.0,19508405.0431,0.0,0.0,19989381.9293,0.0,0.0,0.0,0.0,0.0,0.0,6934288.0
tt1666186,0.0,0.0,0.0,34743946.9613,0.0,0.0,0.0,0.0,0.0,0.0,0.0,0.0,0.0,0.0,0.0,0.0,0.0,0.0,9068727.0
tt1270262,0.0,0.0,0.0,0.0,0.0,0.0,0.0,17667365.8925,19053920.3181,0.0,0.0,15661652.4689,0.0,0.0,0.0,0.0,0.0,0.0,23729501.0
tt0452702,0.0,0.0,0.0,0.0,0.0,21734315.0352,0.0,0.0,0.0,0.0,0.0,25836859.5942,0.0,0.0,0.0,0.0,0.0,0.0,147605331.0
tt1282140,0.0,0.0,0.0,54297282.4155,0.0,0.0,0.0,0.0,0.0,51973305.0918,0.0,0.0,0.0,0.0,0.0,0.0,0.0,0.0,175056996.0
tt0938283,181482715.051,193541183.868,0.0,0.0,0.0,0.0,0.0,0.0,0.0,0.0,0.0,0.0,194336366.299,0.0,0.0,0.0,0.0,0.0,1619019.0
tt1067583,0.0,0.0,0.0,0.0,0.0,0.0,0.0,0.0,54110573.7684,58779931.8656,0.0,0.0,0.0,0.0,0.0,0.0,0.0,0.0,50813472.0
tt0409847,129309704.133,0.0,0.0,0.0,0.0,0.0,0.0,0.0,0.0,0.0,117828706.682,136151689.821,0.0,0.0,0.0,0.0,0.0,0.0,82306197.0
tt0993842,36776642.405,0.0,0.0,0.0,0.0,0.0,0.0,0.0,39844925.6627,0.0,0.0,38599480.5449,0.0,0.0,0.0,0.0,0.0,0.0,80726096.0
tt0993846,0.0,0.0,0.0,83222097.3251,71919646.9905,0.0,0.0,92674471.289,0.0,0.0,0.0,0.0,0.0,0.0,0.0,0.0,0.0,0.0,96140333.0
tt1253863,144253715.603,0.0,0.0,0.0,0.0,0.0,0.0,0.0,158191983.485,0.0,0.0,0.0,0.0,150280559.836,0.0,0.0,0.0,0.0,13053068.0
tt1646971,158056885.107,167094529.772,191954307.681,0.0,0.0,0.0,0.0,0.0,0.0,0.0,0.0,0.0,0.0,0.0,0.0,0.0,0.0,0.0,15908335.0
tt3322364,0.0,0.0,0.0,0.0,0.0,0.0,0.0,33932126.7172,31539994.4939,0.0,0.0,0.0,0.0,0.0,0.0,0.0,36261128.1257,0.0,30626058.0
tt0810784,0.0,0.0,0.0,0.0,0.0,0.0,0.0,15343143.2411,15627664.4098,17364816.8537,0.0,0.0,0.0,0.0,0.0,0.0,0.0,0.0,7728262.0
tt0361696,0.0,0.0,0.0,0.0,0.0,0.0,0.0,0.0,0.0,18081126.4907,0.0,0.0,29480550.4336,0.0,0.0,0.0,0.0,15930478.9409,14834047.0
tt0200530,0.0,0.0,0.0,12642738.9424,0.0,0.0,0.0,0.0,11486163.5332,0.0,0.0,0.0,0.0,0.0,0.0,0.0,0.0,0.0,166221118.0
tt0246989,0.0,0.0,0.0,26808861.5356,0.0,0.0,0.0,0.0,0.0,0.0,0.0,0.0,0.0,0.0,0.0,0.0,0.0,0.0,51138074.0
tt0448694,113729480.645,125267983.822,142545057.135,0.0,0.0,0.0,0.0,0.0,0.0,0.0,0.0,0.0,0.0,0.0,0.0,0.0,0.0,0.0,160873675.0
tt0499554,0.0,0.0,0.0,35238485.9419,30611741.6787,0.0,0.0,0.0,0.0,0.0,0.0,0.0,0.0,0.0,0.0,0.0,0.0,0.0,13160968.0
tt1438254,0.0,0.0,0.0,0.0,0.0,0.0,0.0,0.0,45149075.5085,47694486.7385,0.0,0.0,0.0,39615266.84,0.0,0.0,0.0,0.0,7916249.0
tt0499556,35200654.059,0.0,0.0,0.0,36298107.1237,0.0,0.0,0.0,0.0,0.0,0.0,36921910.0214,0.0,0.0,0.0,0.0,0.0,0.0,48765106.0
tt1591479,13331598.8199,27245447.652,0.0,0.0,0.0,0.0,0.0,0.0,16513558.6681,0.0,0.0,0.0,0.0,0.0,0.0,0.0,0.0,0.0,84370862.0
tt1499658,0.0,0.0,0.0,98157835.5032,86121786.1986,0.0,0.0,0.0,0.0,0.0,0.0,0.0,0.0,0.0,0.0,0.0,0.0,0.0,92818931.0
tt2268016,0.0,0.0,0.0,26880988.5255,0.0,0.0,0.0,0.0,21279223.1411,0.0,0.0,0.0,0.0,0.0,0.0,0.0,0.0,22510195.9024,14124964.0
tt0271219,0.0,0.0,0.0,12637486.0913,0.0,0.0,0.0,0.0,11453643.6499,14405681.0478,0.0,0.0,0.0,0.0,0.0,0.0,0.0,0.0,13159281.0
tt0480242,0.0,0.0,0.0,69434251.2713,0.0,0.0,0.0,0.0,63571296.3695,66039082.9835,0.0,0.0,0.0,0.0,0.0,0.0,0.0,0.0,143704768.0
tt0482599,0.0,0.0,0.0,0.0,0.0,24855500.8734,0.0,0.0,0.0,0.0,0.0,29374335.0309,0.0,0.0,0.0,30659565.575,0.0,0.0,154253236.0
tt0947802,0.0,0.0,0.0,0.0,50543178.4858,0.0,0.0,0.0,49926809.7565,0.0,0.0,50037106.456,0.0,0.0,0.0,0.0,0.0,0.0,44537412.0
tt0243736,0.0,0.0,0.0,60126127.5257,0.0,0.0,0.0,0.0,0.0,58108175.1367,0.0,0.0,0.0,0.0,0.0,0.0,0.0,0.0,6969772.0
tt0444682,0.0,0.0,0.0,0.0,0.0,55598145.1106,0.0,0.0,0.0,0.0,0.0,57120698.4274,0.0,0.0,0.0,0.0,0.0,0.0,29151322.0
tt0480249,0.0,0.0,0.0,0.0,0.0,269429409.728,0.0,0.0,317777127.138,0.0,278516138.969,0.0,0.0,0.0,0.0,0.0,0.0,0.0,100961618.0
tt0141907,0.0,0.0,0.0,46017420.499,0.0,0.0,0.0,0.0,0.0,53017496.8979,0.0,0.0,0.0,0.0,0.0,0.0,0.0,0.0,112706237.0
tt0177971,216990708.755,233789474.901,0.0,0.0,0.0,0.0,0.0,0.0,252503055.866,0.0,0.0,0.0,0.0,0.0,0.0,0.0,0.0,0.0,4983287.0
tt0446013,19871236.5837,29617241.9077,0.0,0.0,0.0,0.0,0.0,0.0,23598593.603,0.0,0.0,0.0,0.0,0.0,0.0,0.0,0.0,0.0,15078111.0
tt1448755,24458302.4881,0.0,0.0,0.0,26334613.3898,0.0,0.0,0.0,0.0,0.0,0.0,27910628.681,0.0,0.0,0.0,0.0,0.0,0.0,37630250.0
tt1637688,33125797.4928,0.0,0.0,0.0,0.0,0.0,0.0,0.0,0.0,0.0,35550044.549,36372048.2194,0.0,0.0,0.0,0.0,0.0,0.0,35163761.0
tt0228333,19719757.9452,0.0,0.0,0.0,0.0,20050231.991,0.0,0.0,0.0,0.0,14075721.849,0.0,0.0,0.0,0.0,0.0,0.0,0.0,90609816.0
tt0428038,0.0,0.0,0.0,0.0,0.0,0.0,0.0,0.0,11766847.3141,14560619.1271,0.0,0.0,0.0,0.0,0.0,0.0,0.0,0.0,41828156.0
tt0482606,0.0,0.0,0.0,0.0,0.0,60715736.0568,0.0,0.0,0.0,0.0,0.0,66195570.3773,0.0,0.0,0.0,69353154.1716,0.0,0.0,14582935.0
tt0328107,97775373.425,0.0,0.0,0.0,102877128.11,0.0,0.0,0.0,111702749.115,0.0,0.0,0.0,0.0,0.0,0.0,0.0,0.0,0.0,144183544.0
tt0482603,0.0,34262759.1263,36048044.8347,31392711.82,0.0,0.0,0.0,0.0,0.0,0.0,0.0,0.0,0.0,0.0,0.0,0.0,0.0,0.0,16945056.0
tt1210042,0.0,0.0,0.0,0.0,44946238.4904,0.0,0.0,0.0,44254154.2894,0.0,0.0,44658780.1328,0.0,0.0,0.0,0.0,0.0,0.0,58311870.0
tt0245429,0.0,33419588.4532,40048318.2462,0.0,0.0,0.0,0.0,0.0,0.0,0.0,0.0,0.0,35538650.1163,0.0,0.0,0.0,0.0,0.0,70686007.0
tt1178663,0.0,0.0,0.0,17791687.6755,0.0,0.0,0.0,0.0,0.0,19885080.4725,0.0,0.0,0.0,0.0,0.0,0.0,0.0,0.0,8898316.0
tt0283530,0.0,0.0,0.0,0.0,0.0,0.0,0.0,0.0,27450529.1869,0.0,0.0,0.0,0.0,0.0,0.0,0.0,0.0,0.0,2211914.0
tt0369226,0.0,0.0,0.0,0.0,0.0,10643050.4895,0.0,0.0,0.0,0.0,7751014.08714,0.0,0.0,0.0,0.0,0.0,0.0,0.0,188441168.0
tt0996382,0.0,25622990.5153,0.0,0.0,0.0,0.0,18243772.6421,0.0,0.0,0.0,0.0,0.0,0.0,0.0,0.0,0.0,0.0,0.0,154004643.0
tt0325703,101263973.599,115136101.921,0.0,0.0,0.0,0.0,0.0,0.0,0.0,0.0,0.0,0.0,0.0,116334688.335,0.0,0.0,0.0,0.0,132341189.0
tt0230600,0.0,0.0,0.0,0.0,0.0,58866404.3017,0.0,0.0,0.0,0.0,0.0,63944787.4313,0.0,60862740.4683,0.0,0.0,0.0,0.0,8530218.0
tt2390361,0.0,0.0,0.0,15218282.9926,0.0,0.0,0.0,0.0,15254810.6867,17106475.3011,0.0,0.0,0.0,0.0,0.0,0.0,0.0,0.0,464305172.0
tt0269499,0.0,0.0,0.0,14511875.1751,0.0,0.0,0.0,0.0,14523918.8235,16481402.22,0.0,0.0,0.0,0.0,0.0,0.0,0.0,0.0,64467571.0
tt0402399,0.0,0.0,0.0,0.0,0.0,0.0,0.0,24171756.8706,28347769.5778,0.0,0.0,0.0,0.0,0.0,27017996.9406,0.0,0.0,0.0,57330450.0
tt1723811,0.0,0.0,0.0,0.0,0.0,0.0,0.0,0.0,14985573.4291,0.0,0.0,0.0,0.0,0.0,0.0,0.0,0.0,0.0,2752776.0
tt0349903,0.0,0.0,0.0,0.0,180282773.073,0.0,0.0,0.0,0.0,0.0,0.0,172653367.19,0.0,0.0,0.0,0.0,0.0,0.0,224186652.0
tt0368913,0.0,0.0,0.0,0.0,0.0,0.0,0.0,0.0,11256944.7929,0.0,0.0,0.0,0.0,0.0,0.0,0.0,0.0,0.0,38840018.0
tt0421206,0.0,0.0,0.0,0.0,48912813.9201,0.0,0.0,0.0,49505648.4722,0.0,0.0,0.0,0.0,0.0,0.0,0.0,59559838.1548,0.0,130498692.0
tt0363547,105476774.906,0.0,0.0,0.0,0.0,95552522.3048,0.0,0.0,0.0,0.0,0.0,102369485.048,0.0,0.0,0.0,0.0,0.0,0.0,58219605.0
tt0324127,0.0,0.0,0.0,0.0,21233380.8737,0.0,0.0,0.0,27396380.3638,0.0,0.0,0.0,0.0,0.0,0.0,21036387.5442,0.0,0.0,112941458.0
tt0421715,0.0,0.0,0.0,0.0,0.0,0.0,0.0,0.0,148429708.932,137830779.18,0.0,0.0,0.0,137946966.199,0.0,0.0,0.0,0.0,1960573.0
tt0358135,0.0,0.0,0.0,69844415.3047,0.0,0.0,0.0,0.0,69372144.2611,68839327.2148,0.0,0.0,0.0,0.0,0.0,0.0,0.0,0.0,293709158.0
tt0976238,0.0,0.0,0.0,58166549.4408,0.0,0.0,0.0,0.0,0.0,0.0,0.0,0.0,66672425.3626,0.0,0.0,0.0,0.0,0.0,73172053.0
tt1691917,0.0,65428596.4545,70737304.0599,72899231.7489,0.0,0.0,0.0,0.0,0.0,0.0,0.0,0.0,0.0,0.0,0.0,0.0,0.0,0.0,85328311.0
tt0810819,0.0,0.0,0.0,0.0,0.0,0.0,0.0,17011922.5561,18029128.3893,18990800.6552,0.0,0.0,0.0,0.0,0.0,0.0,0.0,0.0,389306151.0
tt1622979,0.0,0.0,0.0,0.0,0.0,48280129.1633,0.0,0.0,0.0,0.0,0.0,0.0,0.0,0.0,0.0,0.0,0.0,0.0,16466512.0
tt0370032,33357053.7954,0.0,0.0,0.0,0.0,31657486.2932,0.0,0.0,0.0,0.0,31715164.7856,0.0,0.0,0.0,0.0,0.0,0.0,0.0,123811909.0
tt0217107,0.0,0.0,0.0,0.0,0.0,0.0,0.0,0.0,0.0,14904169.242,0.0,11921355.8393,0.0,0.0,0.0,0.0,0.0,0.0,4844617.0
tt0192111,0.0,0.0,0.0,22346971.16,0.0,0.0,0.0,0.0,0.0,24589654.6107,0.0,0.0,0.0,0.0,0.0,20261565.1336,0.0,0.0,277889140.0
tt1121931,21534705.7511,0.0,0.0,0.0,22166779.2874,0.0,0.0,0.0,0.0,0.0,19495385.1719,0.0,0.0,0.0,0.0,0.0,0.0,0.0,6980828.0
tt0300556,44834956.9574,61199436.562,0.0,0.0,0.0,0.0,0.0,0.0,0.0,0.0,36103462.1787,0.0,0.0,0.0,0.0,0.0,0.0,0.0,245096215.0
tt1650554,35265924.6591,0.0,0.0,42027230.1349,36575148.1262,0.0,0.0,0.0,0.0,0.0,0.0,0.0,0.0,0.0,0.0,0.0,0.0,0.0,14253252.0
tt1922777,0.0,0.0,0.0,0.0,0.0,43249106.6065,0.0,0.0,0.0,0.0,0.0,0.0,0.0,0.0,0.0,51116049.3226,0.0,0.0,56983746.0
tt0308383,0.0,0.0,0.0,0.0,0.0,0.0,0.0,0.0,31890111.9286,29775431.2357,0.0,24156000.3052,0.0,0.0,0.0,0.0,0.0,0.0,102667433.0
tt3766394,0.0,0.0,0.0,12684860.9703,0.0,0.0,0.0,0.0,11668867.2653,14466240.6719,0.0,0.0,0.0,0.0,0.0,0.0,0.0,0.0,20567403.0
tt0265086,0.0,0.0,0.0,0.0,0.0,0.0,0.0,0.0,69872246.9986,0.0,0.0,0.0,0.0,0.0,47715546.7937,0.0,0.0,0.0,3170988.0
tt0265087,0.0,65532685.7885,0.0,66800188.9737,0.0,0.0,0.0,0.0,0.0,0.0,0.0,0.0,0.0,60909545.4677,0.0,0.0,0.0,0.0,25321238.0
tt0461770,0.0,0.0,153225064.581,151672335.356,0.0,0.0,0.0,0.0,0.0,0.0,0.0,0.0,142731545.715,0.0,0.0,0.0,0.0,0.0,49806323.0
tt0489281,0.0,0.0,0.0,0.0,0.0,0.0,0.0,0.0,27752109.2207,0.0,0.0,0.0,0.0,0.0,0.0,0.0,0.0,0.0,1518377.0
tt0489282,0.0,27930876.4786,0.0,20358566.3006,0.0,0.0,0.0,0.0,0.0,0.0,0.0,0.0,0.0,0.0,0.0,0.0,0.0,0.0,47993964.0
tt0450232,47949279.4766,0.0,0.0,0.0,51445390.7025,0.0,0.0,0.0,59379317.8057,0.0,0.0,0.0,0.0,0.0,0.0,0.0,0.0,0.0,98526150.0
tt0339034,0.0,0.0,0.0,12736807.8247,0.0,0.0,0.0,0.0,0.0,15837857.9369,0.0,0.0,0.0,0.0,0.0,0.0,0.0,0.0,1999794.0
tt0814314,0.0,0.0,0.0,0.0,0.0,0.0,0.0,0.0,63781514.4365,64981462.7581,0.0,0.0,0.0,0.0,0.0,0.0,0.0,0.0,4078752.0
tt0190332,15659493.3229,0.0,0.0,0.0,0.0,0.0,0.0,0.0,24883643.0427,23788870.1538,0.0,0.0,0.0,0.0,0.0,0.0,0.0,0.0,9438221.0
tt0443489,0.0,0.0,0.0,0.0,0.0,0.0,0.0,0.0,50732400.7746,0.0,0.0,0.0,0.0,0.0,0.0,0.0,0.0,15328015.6148,102219541.0
tt2561572,0.0,0.0,0.0,110445615.238,97312379.9535,0.0,0.0,0.0,0.0,0.0,0.0,0.0,0.0,0.0,0.0,0.0,0.0,0.0,33070123.0
tt1967545,0.0,0.0,0.0,0.0,0.0,0.0,0.0,0.0,12601252.1969,0.0,0.0,0.0,0.0,0.0,0.0,0.0,0.0,0.0,34942763.0
tt2243537,0.0,0.0,0.0,58003533.8829,0.0,0.0,0.0,0.0,0.0,0.0,0.0,0.0,0.0,42241239.4908,0.0,0.0,0.0,0.0,143216277.0
tt1045658,0.0,0.0,0.0,19219022.8185,0.0,0.0,0.0,0.0,21587272.5362,21187346.6401,0.0,0.0,0.0,0.0,0.0,0.0,0.0,0.0,199998260.0
tt1343092,0.0,0.0,0.0,0.0,0.0,0.0,0.0,0.0,170336583.522,175228251.404,0.0,0.0,0.0,0.0,0.0,0.0,0.0,0.0,8475143.0
tt0337909,0.0,0.0,0.0,19109305.4289,0.0,0.0,0.0,0.0,19478032.4418,0.0,0.0,0.0,0.0,0.0,0.0,0.0,0.0,0.0,15201603.0
tt0804497,0.0,0.0,0.0,15540500.115,0.0,0.0,0.0,0.0,14540083.3204,17570521.772,0.0,0.0,0.0,0.0,0.0,0.0,0.0,0.0,3511021.0
tt0309530,0.0,0.0,0.0,25833376.6859,0.0,0.0,0.0,0.0,0.0,28755080.6044,0.0,0.0,0.0,0.0,0.0,0.0,0.0,0.0,55253972.0
tt2224026,0.0,171384867.095,197813415.482,193856469.709,0.0,0.0,0.0,0.0,0.0,0.0,0.0,0.0,0.0,0.0,0.0,0.0,0.0,0.0,147867455.0
tt0361862,0.0,0.0,0.0,0.0,0.0,0.0,0.0,0.0,14224039.2567,0.0,0.0,12962393.0218,0.0,0.0,0.0,0.0,0.0,0.0,2841407.0
tt1001562,0.0,0.0,0.0,11749667.8009,9278414.63212,0.0,0.0,0.0,0.0,0.0,0.0,0.0,0.0,0.0,0.0,0.0,0.0,0.0,32658550.0
tt4056738,0.0,0.0,0.0,0.0,0.0,0.0,0.0,0.0,11008981.9603,0.0,0.0,0.0,0.0,0.0,0.0,0.0,0.0,0.0,3700113.0
tt3170832,0.0,0.0,0.0,0.0,0.0,0.0,0.0,0.0,13265505.6884,0.0,0.0,0.0,0.0,0.0,0.0,0.0,0.0,0.0,96414082.0
tt0472033,40544520.02,50239167.5556,56584894.6667,0.0,0.0,0.0,0.0,0.0,0.0,0.0,0.0,0.0,0.0,0.0,0.0,0.0,0.0,0.0,55114060.0
tt0379865,0.0,0.0,0.0,57835857.6587,0.0,0.0,0.0,0.0,58402601.1518,58622395.1164,0.0,0.0,0.0,0.0,0.0,0.0,0.0,0.0,44834230.0
tt0435625,0.0,24899784.1081,0.0,0.0,0.0,10384405.1694,0.0,0.0,0.0,0.0,0.0,12182897.4606,0.0,0.0,0.0,0.0,0.0,0.0,25358554.0
tt0450385,0.0,0.0,0.0,0.0,0.0,65119269.9271,0.0,0.0,0.0,0.0,0.0,0.0,0.0,66132815.6037,0.0,0.0,0.0,0.0,31802291.0
tt0244970,0.0,0.0,0.0,52122540.5911,0.0,0.0,0.0,0.0,0.0,51520148.641,0.0,0.0,0.0,0.0,0.0,0.0,0.0,0.0,52657374.0
tt1071875,68147479.2753,0.0,0.0,0.0,0.0,0.0,0.0,0.0,0.0,0.0,0.0,70123522.458,0.0,69020260.2793,0.0,0.0,0.0,0.0,5061788.0
tt0844471,0.0,0.0,137690328.305,131649499.102,0.0,0.0,0.0,0.0,0.0,0.0,0.0,0.0,122406884.231,0.0,0.0,0.0,0.0,0.0,261190796.0
tt0424993,0.0,0.0,0.0,44202064.7056,0.0,0.0,0.0,0.0,0.0,43540596.6339,0.0,0.0,0.0,0.0,0.0,0.0,0.0,0.0,5674567.0
tt2465140,0.0,0.0,0.0,26571579.7086,0.0,0.0,0.0,0.0,21764490.801,0.0,0.0,0.0,0.0,0.0,0.0,0.0,0.0,0.0,96586508.0
tt0204313,0.0,0.0,0.0,0.0,0.0,71231365.2097,0.0,0.0,0.0,0.0,0.0,77035685.436,0.0,0.0,0.0,75653025.8273,0.0,0.0,79179990.0
tt1616195,0.0,0.0,0.0,0.0,40112505.194,0.0,0.0,51168182.873,43933815.5556,0.0,0.0,0.0,0.0,0.0,0.0,0.0,0.0,0.0,191652355.0
tt0493464,27091199.9402,0.0,0.0,0.0,31051679.8275,0.0,0.0,0.0,0.0,0.0,0.0,0.0,0.0,46633700.3457,0.0,0.0,0.0,0.0,26457953.0
tt1588173,0.0,0.0,0.0,67955815.9809,0.0,52924421.2595,0.0,0.0,0.0,65651771.253,0.0,0.0,0.0,0.0,0.0,0.0,0.0,0.0,89023523.0
tt0844479,0.0,0.0,0.0,0.0,0.0,12657162.9235,0.0,0.0,0.0,0.0,0.0,0.0,0.0,0.0,0.0,0.0,0.0,0.0,193010596.0
tt2848292,0.0,0.0,0.0,228548709.578,0.0,0.0,0.0,0.0,0.0,0.0,0.0,0.0,0.0,0.0,0.0,0.0,0.0,182116879.777,18547025.0
tt2465146,0.0,0.0,0.0,18273090.2659,0.0,0.0,0.0,0.0,17459964.7237,20743666.6981,0.0,0.0,0.0,0.0,0.0,0.0,0.0,0.0,80795126.0
tt0206275,0.0,0.0,0.0,0.0,0.0,0.0,0.0,0.0,112310966.71,124970338.24,0.0,0.0,0.0,0.0,0.0,0.0,0.0,106659550.143,1621577.0
tt0361467,0.0,0.0,0.0,39474176.4656,0.0,0.0,0.0,0.0,0.0,0.0,0.0,0.0,52593166.8186,0.0,0.0,0.0,0.0,34596472.5319,52955538.0
tt0338325,31717157.5208,0.0,0.0,0.0,32539165.435,0.0,0.0,0.0,34498230.0222,0.0,0.0,0.0,0.0,0.0,0.0,0.0,0.0,0.0,7526292.0
tt2582846,0.0,0.0,0.0,0.0,0.0,0.0,0.0,0.0,124809248.533,141849135.788,0.0,0.0,0.0,0.0,0.0,0.0,0.0,0.0,39097024.0
tt2002718,7102278.66017,0.0,0.0,9768835.85099,7829596.47082,0.0,0.0,0.0,0.0,0.0,0.0,0.0,0.0,0.0,0.0,0.0,0.0,0.0,15591113.0
tt1055369,385511592.011,388687870.547,0.0,0.0,0.0,0.0,0.0,0.0,0.0,0.0,359206946.767,0.0,0.0,0.0,0.0,0.0,0.0,0.0,36788983.0
tt0199753,53382541.0582,0.0,0.0,0.0,0.0,0.0,0.0,0.0,0.0,0.0,42122830.4929,61799177.5288,0.0,0.0,0.0,0.0,0.0,0.0,7640399.0
tt1601913,54242322.9478,57411222.5395,0.0,0.0,0.0,0.0,0.0,0.0,53270027.0709,0.0,0.0,0.0,0.0,0.0,0.0,0.0,0.0,0.0,22705389.0
tt0362165,0.0,0.0,0.0,51103778.4422,0.0,0.0,0.0,0.0,0.0,0.0,0.0,0.0,47106082.5778,53687155.9889,0.0,0.0,0.0,0.0,27525384.0
tt0348836,0.0,0.0,0.0,0.0,0.0,77857653.6216,0.0,0.0,0.0,0.0,0.0,83661401.2113,0.0,0.0,0.0,83599266.8867,0.0,0.0,20405407.0
tt0263488,0.0,0.0,0.0,0.0,0.0,55102622.5644,0.0,0.0,0.0,0.0,0.0,0.0,0.0,0.0,0.0,63564848.8223,0.0,0.0,116698662.0
tt0199626,0.0,0.0,0.0,0.0,0.0,0.0,0.0,0.0,0.0,0.0,0.0,15425127.7937,0.0,0.0,0.0,14475263.7763,0.0,0.0,34498106.0
tt1226774,0.0,0.0,0.0,13119516.9622,0.0,0.0,0.0,0.0,0.0,0.0,0.0,0.0,0.0,0.0,0.0,0.0,0.0,0.0,51183877.0
tt0783233,0.0,0.0,0.0,0.0,0.0,0.0,0.0,0.0,29279635.1093,27349459.7987,0.0,0.0,0.0,0.0,0.0,18898541.2938,0.0,0.0,12207992.0
tt0372183,219038974.118,0.0,0.0,0.0,0.0,0.0,0.0,0.0,0.0,0.0,0.0,211944597.828,0.0,0.0,0.0,214459012.6,0.0,0.0,65935194.0
tt0796375,0.0,0.0,0.0,14230482.2493,11069040.3548,0.0,0.0,0.0,0.0,16080926.9168,0.0,0.0,0.0,0.0,0.0,0.0,0.0,0.0,86372752.0
tt0307453,0.0,193383076.609,222825885.239,224244149.722,0.0,0.0,0.0,0.0,0.0,0.0,0.0,0.0,0.0,0.0,0.0,0.0,0.0,0.0,5268699.0
tt1583420,0.0,0.0,0.0,42524419.4006,0.0,0.0,0.0,0.0,38112751.2462,43075300.8478,0.0,0.0,0.0,0.0,0.0,0.0,0.0,0.0,5487862.0
tt1583421,132539775.018,142985896.463,0.0,0.0,0.0,0.0,0.0,0.0,0.0,0.0,125021004.512,0.0,0.0,0.0,0.0,0.0,0.0,0.0,4220228.0
tt0184791,0.0,0.0,0.0,0.0,0.0,0.0,0.0,0.0,30525730.9924,36426340.9617,0.0,32072166.7241,0.0,0.0,0.0,0.0,0.0,0.0,90859871.0
tt0846308,0.0,0.0,0.0,0.0,0.0,0.0,0.0,0.0,16784155.4254,0.0,0.0,0.0,32801447.6094,0.0,0.0,0.0,0.0,0.0,142867280.0
tt1034389,25916199.4449,33765109.5264,0.0,0.0,0.0,0.0,0.0,0.0,28886322.8881,0.0,0.0,0.0,0.0,0.0,0.0,0.0,0.0,0.0,197695485.0
tt1742334,14720545.1721,0.0,0.0,0.0,16358640.7818,0.0,0.0,0.0,21194259.4953,0.0,0.0,0.0,0.0,0.0,0.0,0.0,0.0,0.0,1650250.0
tt1306980,0.0,0.0,0.0,24737935.5673,0.0,0.0,0.0,0.0,19538569.0266,25936430.1511,0.0,0.0,0.0,0.0,0.0,0.0,0.0,0.0,65773720.0
tt1787759,0.0,0.0,0.0,90122293.1659,0.0,0.0,0.0,0.0,76221677.613,0.0,0.0,0.0,0.0,0.0,0.0,0.0,0.0,0.0,2051703.0
tt1535108,99768660.5756,0.0,0.0,0.0,0.0,0.0,0.0,0.0,119869194.584,0.0,91866573.1921,0.0,0.0,0.0,0.0,0.0,0.0,0.0,234663392.0
tt1397514,86161714.076,93799641.535,0.0,103555950.716,0.0,0.0,0.0,0.0,0.0,0.0,0.0,0.0,0.0,0.0,0.0,0.0,0.0,0.0,100672923.0
tt1095217,0.0,0.0,0.0,0.0,15283248.6507,0.0,0.0,0.0,21350617.6233,0.0,0.0,0.0,0.0,0.0,0.0,0.0,0.0,0.0,44088158.0
tt0207201,0.0,0.0,0.0,193703538.929,0.0,0.0,0.0,0.0,0.0,179326088.738,0.0,0.0,0.0,168544603.246,0.0,0.0,0.0,0.0,19058904.0
tt2369135,54558372.8979,0.0,0.0,0.0,58306404.7602,0.0,0.0,0.0,65137802.9412,0.0,0.0,0.0,0.0,0.0,0.0,0.0,0.0,0.0,2067774.0
tt0220099,0.0,0.0,55140062.2745,51824805.6358,0.0,0.0,0.0,0.0,49106742.9936,0.0,0.0,0.0,0.0,0.0,0.0,0.0,0.0,0.0,40311885.0
tt0217630,0.0,0.0,0.0,35491684.4034,0.0,0.0,0.0,0.0,0.0,36663787.2672,0.0,0.0,0.0,0.0,0.0,0.0,0.0,0.0,45366777.0
tt1320244,0.0,0.0,0.0,0.0,0.0,47743173.0204,0.0,0.0,47469142.292,0.0,0.0,53248606.5464,0.0,0.0,0.0,0.0,0.0,0.0,14955417.0
tt0304415,0.0,0.0,0.0,0.0,0.0,0.0,0.0,0.0,72235072.782,0.0,0.0,0.0,0.0,0.0,0.0,0.0,0.0,0.0,1774762.0
tt2247692,0.0,0.0,0.0,0.0,0.0,0.0,15251896.3117,0.0,0.0,0.0,0.0,0.0,0.0,0.0,0.0,0.0,0.0,0.0,59504185.0
tt0770752,77766554.9042,86843683.9919,0.0,93952554.0082,0.0,0.0,0.0,0.0,0.0,0.0,0.0,0.0,0.0,0.0,0.0,0.0,0.0,0.0,4929366.0
tt1482459,0.0,215419046.459,249572259.323,252118879.578,0.0,0.0,0.0,0.0,0.0,0.0,0.0,0.0,0.0,0.0,0.0,0.0,0.0,0.0,7751947.0
tt0390022,80541222.7352,0.0,0.0,0.0,0.0,0.0,0.0,0.0,81560695.1876,0.0,0.0,0.0,0.0,0.0,0.0,0.0,92817763.8484,0.0,61921544.0
tt0382992,68052961.369,89472524.2081,0.0,0.0,0.0,0.0,0.0,0.0,0.0,0.0,56656376.414,0.0,0.0,0.0,0.0,0.0,0.0,0.0,124226937.0
tt1764651,95312629.4325,105739205.307,0.0,0.0,0.0,0.0,0.0,0.0,0.0,0.0,0.0,98773589.7882,0.0,0.0,0.0,0.0,0.0,0.0,17187565.0
tt0122459,0.0,0.0,0.0,46827505.9089,0.0,0.0,0.0,0.0,44105657.0366,46956350.64,0.0,0.0,0.0,0.0,0.0,0.0,0.0,0.0,878132804.0
tt1591095,0.0,0.0,0.0,0.0,0.0,30476380.9427,0.0,0.0,0.0,0.0,0.0,0.0,0.0,26559159.8739,0.0,37001973.4373,0.0,0.0,15470312.0
tt0290002,0.0,0.0,0.0,222424049.079,0.0,0.0,0.0,0.0,0.0,203564683.148,0.0,0.0,0.0,0.0,0.0,0.0,0.0,0.0,22940296.0
tt0301727,0.0,0.0,0.0,0.0,0.0,0.0,32306358.4266,0.0,0.0,0.0,0.0,0.0,0.0,0.0,0.0,0.0,0.0,0.0,416085391.0
tt0268397,77831864.6986,81839239.8385,91124134.5849,0.0,0.0,0.0,0.0,0.0,0.0,0.0,0.0,0.0,0.0,0.0,0.0,0.0,0.0,0.0,282656952.0
tt0914797,0.0,0.0,0.0,14516007.3398,0.0,0.0,0.0,0.0,14099155.3232,0.0,0.0,0.0,0.0,0.0,0.0,0.0,0.0,0.0,33141566.0
tt0800069,0.0,0.0,0.0,0.0,0.0,47022752.8225,0.0,0.0,0.0,0.0,0.0,0.0,0.0,0.0,0.0,0.0,0.0,0.0,20059594.0
tt0400717,0.0,101820716.38,114710073.45,112521335.24,0.0,0.0,0.0,0.0,0.0,0.0,0.0,0.0,0.0,0.0,0.0,0.0,0.0,0.0,146343637.0
tt1411697,0.0,0.0,0.0,313912110.911,0.0,0.0,0.0,0.0,0.0,0.0,0.0,0.0,0.0,0.0,0.0,0.0,0.0,0.0,33161126.0
tt1980209,0.0,0.0,0.0,62780072.7495,55123654.11,0.0,0.0,0.0,52931006.4396,0.0,0.0,0.0,0.0,0.0,0.0,0.0,0.0,0.0,16064747.0
tt0337876,0.0,0.0,0.0,0.0,0.0,0.0,0.0,0.0,24624760.7398,25033077.1663,0.0,0.0,0.0,0.0,0.0,18932423.2375,0.0,0.0,1353354.0
tt0266391,0.0,0.0,0.0,0.0,0.0,0.0,0.0,0.0,15941962.7812,17543642.7278,0.0,0.0,0.0,0.0,0.0,0.0,0.0,0.0,9063433.0
tt0264464,0.0,0.0,0.0,0.0,134477705.998,0.0,0.0,177031113.794,136033332.405,0.0,0.0,0.0,0.0,0.0,0.0,0.0,0.0,0.0,60233074.0
tt1956620,0.0,0.0,0.0,48580237.5665,0.0,0.0,0.0,0.0,0.0,48982406.9196,0.0,0.0,0.0,0.0,0.0,0.0,0.0,0.0,9267744.0
tt0897361,0.0,0.0,0.0,0.0,16193107.6553,0.0,0.0,0.0,0.0,0.0,0.0,0.0,0.0,15213624.0423,0.0,17622673.6152,0.0,0.0,2364860.0
tt0462499,64602062.9596,0.0,0.0,0.0,0.0,0.0,0.0,0.0,0.0,0.0,0.0,66474179.4924,0.0,0.0,0.0,0.0,0.0,0.0,8167096.0
tt0279493,53340713.6498,0.0,0.0,62790098.8283,0.0,0.0,0.0,0.0,0.0,0.0,0.0,0.0,0.0,0.0,0.0,0.0,0.0,0.0,107423435.0
tt1037705,125809290.023,132019377.178,0.0,0.0,0.0,0.0,0.0,0.0,134193166.49,0.0,0.0,0.0,0.0,0.0,0.0,0.0,0.0,0.0,19705774.0
tt1288558,0.0,0.0,0.0,0.0,0.0,63660763.7464,0.0,0.0,0.0,0.0,0.0,0.0,0.0,0.0,0.0,0.0,0.0,0.0,6093941.0
tt1142988,0.0,0.0,0.0,104260364.833,0.0,0.0,0.0,0.0,0.0,97901199.666,0.0,0.0,0.0,0.0,0.0,0.0,0.0,0.0,78168463.0
tt0144964,35390080.7878,46527353.2368,0.0,0.0,0.0,0.0,0.0,0.0,0.0,0.0,0.0,0.0,0.0,37795314.6928,0.0,0.0,0.0,0.0,962181900.0
tt0323944,0.0,0.0,0.0,0.0,0.0,0.0,0.0,0.0,14930564.4376,0.0,0.0,0.0,0.0,0.0,13803847.8749,0.0,0.0,0.0,23077338.0
tt0458339,216831220.383,223252294.29,0.0,0.0,0.0,0.0,0.0,0.0,0.0,0.0,204255443.681,0.0,0.0,0.0,0.0,0.0,0.0,0.0,2735606.0
tt1067774,0.0,55453440.2561,0.0,48899113.2126,0.0,0.0,0.0,0.0,0.0,0.0,0.0,0.0,62873535.2632,0.0,0.0,0.0,0.0,0.0,121728566.0
tt0808357,0.0,0.0,0.0,0.0,0.0,0.0,0.0,0.0,19238617.9843,19744514.4581,0.0,15694092.6588,0.0,0.0,0.0,0.0,0.0,0.0,22648745.0
tt0373926,0.0,0.0,0.0,0.0,104336768.662,0.0,0.0,0.0,0.0,0.0,0.0,101465001.457,0.0,0.0,0.0,97895241.2268,0.0,0.0,32239015.0
tt0389722,0.0,0.0,0.0,0.0,0.0,50685749.8282,0.0,0.0,0.0,0.0,0.0,0.0,0.0,0.0,0.0,0.0,0.0,0.0,25235008.0
tt1832382,0.0,0.0,0.0,0.0,0.0,0.0,0.0,0.0,11429354.2303,0.0,0.0,0.0,0.0,0.0,0.0,11641153.0046,0.0,0.0,181340821.0
tt2691524,0.0,0.0,28057872.5806,0.0,0.0,0.0,0.0,0.0,0.0,0.0,0.0,0.0,0.0,0.0,0.0,0.0,0.0,0.0,108446203.0
tt2132285,0.0,0.0,0.0,0.0,11867192.3082,0.0,0.0,15130254.3474,15213290.7485,0.0,0.0,0.0,0.0,0.0,0.0,0.0,0.0,0.0,105969766.0
tt0384793,0.0,0.0,0.0,39237999.3238,0.0,0.0,0.0,0.0,0.0,0.0,0.0,0.0,0.0,0.0,0.0,0.0,0.0,0.0,2155866.0
tt1413495,0.0,0.0,0.0,0.0,0.0,0.0,0.0,0.0,16656953.4368,0.0,0.0,13865028.323,0.0,0.0,0.0,0.0,0.0,0.0,199366989.0
tt0160797,0.0,0.0,0.0,0.0,0.0,0.0,0.0,0.0,89621930.9466,0.0,0.0,77858837.3465,0.0,0.0,0.0,0.0,0.0,0.0,264519247.0
tt0216772,12292920.1402,0.0,0.0,0.0,12074730.8601,0.0,0.0,0.0,16927100.6425,0.0,0.0,0.0,0.0,0.0,0.0,0.0,0.0,0.0,36260154.0
tt1366365,9018035.16909,0.0,0.0,0.0,0.0,0.0,0.0,0.0,0.0,0.0,0.0,11641648.188,0.0,0.0,0.0,0.0,0.0,0.0,127545505.0
tt0267626,0.0,0.0,0.0,0.0,0.0,0.0,0.0,0.0,101631220.759,0.0,0.0,79354531.5834,0.0,0.0,113353172.605,0.0,0.0,0.0,23292560.0
tt0280707,0.0,0.0,0.0,0.0,0.0,0.0,0.0,0.0,32137550.9954,0.0,0.0,0.0,0.0,0.0,0.0,26096801.0159,0.0,0.0,15817074.0
tt0404030,0.0,0.0,0.0,14998746.3709,0.0,0.0,0.0,0.0,15247755.614,0.0,0.0,0.0,0.0,0.0,0.0,0.0,0.0,0.0,83474489.0
tt0208092,0.0,0.0,0.0,45640716.3425,39341378.3707,0.0,0.0,0.0,0.0,0.0,0.0,0.0,0.0,0.0,0.0,0.0,0.0,0.0,11864936.0
tt0433383,0.0,0.0,0.0,0.0,0.0,0.0,0.0,16516890.031,16682350.9957,0.0,0.0,0.0,0.0,0.0,13932346.0709,0.0,0.0,0.0,48669032.0
tt0236493,0.0,102274828.398,0.0,111680089.863,97902238.5184,0.0,0.0,0.0,0.0,0.0,0.0,0.0,0.0,0.0,0.0,0.0,0.0,0.0,59518392.0
tt1538403,0.0,0.0,0.0,0.0,0.0,27615012.8136,0.0,0.0,0.0,0.0,0.0,0.0,0.0,32215859.2327,0.0,28988009.8542,0.0,0.0,57897380.0
tt0367085,0.0,0.0,0.0,37053642.2045,0.0,0.0,0.0,0.0,0.0,0.0,0.0,0.0,0.0,0.0,0.0,0.0,0.0,0.0,13908653.0
tt0271263,0.0,0.0,55933426.7742,50836256.4767,0.0,0.0,0.0,0.0,0.0,0.0,0.0,0.0,0.0,0.0,0.0,0.0,0.0,0.0,203956932.0
tt1340138,90683157.1541,106670216.873,0.0,0.0,0.0,0.0,0.0,0.0,0.0,0.0,82765517.1862,0.0,0.0,0.0,0.0,0.0,0.0,0.0,59748787.0
tt0134084,0.0,0.0,0.0,0.0,0.0,144831954.326,0.0,0.0,0.0,0.0,0.0,0.0,0.0,0.0,0.0,158026499.729,0.0,0.0,17687604.0
tt0242653,224994636.369,0.0,0.0,0.0,0.0,0.0,0.0,0.0,0.0,0.0,203164142.999,0.0,0.0,0.0,0.0,0.0,0.0,0.0,116682079.0
tt0335013,0.0,0.0,0.0,0.0,0.0,0.0,0.0,0.0,20430127.1031,20623336.5193,0.0,0.0,0.0,0.0,0.0,0.0,0.0,13891688.7723,33474398.0
tt0219952,0.0,0.0,0.0,42339021.256,36242038.8284,0.0,0.0,0.0,0.0,0.0,0.0,0.0,0.0,0.0,0.0,0.0,0.0,0.0,4880414.0
tt2235779,0.0,0.0,0.0,0.0,0.0,5888807.19623,0.0,0.0,0.0,0.0,0.0,0.0,0.0,0.0,0.0,0.0,0.0,0.0,4363679.0
tt0279781,0.0,0.0,0.0,21989091.6952,0.0,0.0,0.0,0.0,0.0,0.0,0.0,0.0,0.0,0.0,0.0,0.0,0.0,0.0,36218329.0
tt0355295,67433094.3149,81817376.1672,0.0,85129467.9106,0.0,0.0,0.0,0.0,0.0,0.0,0.0,0.0,0.0,0.0,0.0,0.0,0.0,0.0,37017808.0
tt0401711,0.0,0.0,0.0,16972493.1762,0.0,0.0,0.0,0.0,18437989.2352,19154691.2438,0.0,0.0,0.0,0.0,0.0,0.0,0.0,0.0,13735086.0
tt0328589,0.0,0.0,0.0,54714481.3255,0.0,0.0,0.0,0.0,48911020.9821,53020855.3341,0.0,0.0,0.0,0.0,0.0,0.0,0.0,0.0,195958449.0
tt2891174,0.0,0.0,0.0,0.0,0.0,0.0,0.0,0.0,14720854.7108,0.0,0.0,0.0,0.0,0.0,0.0,0.0,0.0,0.0,19896397.0
tt1911644,0.0,0.0,0.0,0.0,47646166.7833,0.0,0.0,0.0,0.0,0.0,0.0,47122656.6468,0.0,0.0,0.0,0.0,0.0,0.0,53950837.0
tt0405422,0.0,0.0,0.0,92472753.9911,0.0,0.0,0.0,0.0,0.0,86815745.4434,0.0,0.0,0.0,0.0,0.0,0.0,0.0,0.0,24786545.0
tt0361309,0.0,0.0,0.0,0.0,0.0,0.0,0.0,0.0,13145573.0592,15593964.3621,0.0,0.0,0.0,0.0,0.0,0.0,0.0,0.0,50624374.0
tt1126591,0.0,0.0,0.0,0.0,0.0,0.0,0.0,0.0,46367532.5225,0.0,0.0,0.0,0.0,0.0,0.0,0.0,0.0,47682032.0316,135978344.0
tt0364569,0.0,0.0,0.0,0.0,0.0,0.0,0.0,0.0,11476087.3273,0.0,0.0,11703599.0666,0.0,0.0,0.0,11887954.4809,0.0,0.0,168779434.0
tt0363988,0.0,0.0,0.0,0.0,0.0,0.0,0.0,0.0,0.0,0.0,0.0,73055198.8964,0.0,0.0,0.0,72732977.8636,0.0,0.0,9365854.0
tt1604171,0.0,0.0,0.0,8382752.45966,0.0,0.0,0.0,0.0,6023268.42865,0.0,0.0,0.0,0.0,0.0,0.0,0.0,0.0,0.0,44680516.0
tt2387559,0.0,0.0,0.0,22694132.1741,0.0,0.0,0.0,0.0,21015186.8114,0.0,0.0,0.0,0.0,0.0,0.0,0.0,0.0,0.0,601737901.0
tt1232829,110462319.809,0.0,0.0,127663556.761,112256558.769,0.0,0.0,0.0,0.0,0.0,0.0,0.0,0.0,0.0,0.0,0.0,0.0,0.0,24428530.0
tt1758692,0.0,0.0,0.0,0.0,0.0,0.0,0.0,0.0,11498328.1979,14449276.0057,0.0,0.0,0.0,0.0,0.0,0.0,0.0,0.0,101168595.0
tt0184907,0.0,64871178.8997,0.0,70824364.098,0.0,0.0,0.0,0.0,0.0,0.0,0.0,0.0,81972365.0957,0.0,0.0,0.0,0.0,0.0,109863105.0
tt0388419,0.0,0.0,0.0,104741074.228,0.0,0.0,0.0,0.0,0.0,0.0,0.0,0.0,102782561.601,0.0,0.0,0.0,0.0,0.0,106541341.0
tt0473308,0.0,0.0,0.0,13142924.9844,0.0,0.0,0.0,0.0,12355536.0466,14931875.542,0.0,0.0,0.0,0.0,0.0,0.0,0.0,0.0,88215592.0
tt0126029,0.0,188817756.856,215711744.166,217873989.639,0.0,0.0,0.0,0.0,0.0,0.0,0.0,0.0,0.0,0.0,0.0,0.0,0.0,0.0,9122755.0
tt0256380,0.0,0.0,0.0,118327344.278,0.0,0.0,0.0,0.0,105230114.14,0.0,0.0,0.0,0.0,99590471.8066,0.0,0.0,0.0,0.0,84317541.0
tt0159273,84222971.1565,0.0,0.0,0.0,0.0,0.0,0.0,0.0,89955738.1497,0.0,0.0,0.0,0.0,0.0,0.0,0.0,0.0,0.0,38288217.0
tt2006295,0.0,0.0,0.0,0.0,0.0,0.0,0.0,16067688.089,18019336.3487,0.0,0.0,0.0,0.0,0.0,29177629.1756,0.0,0.0,0.0,172661766.0
tt0486551,0.0,0.0,0.0,23897798.501,0.0,0.0,0.0,0.0,0.0,0.0,0.0,0.0,0.0,0.0,0.0,0.0,0.0,0.0,16077991.0
tt0472399,34348144.1545,0.0,0.0,0.0,36387121.8402,0.0,0.0,0.0,0.0,0.0,0.0,37293207.8717,0.0,0.0,0.0,0.0,0.0,0.0,262911347.0
tt0346156,67088876.7765,78495399.527,0.0,0.0,0.0,0.0,0.0,0.0,0.0,0.0,0.0,0.0,0.0,0.0,0.0,67874165.2432,0.0,0.0,22129419.0
tt1540133,0.0,0.0,0.0,14198157.8455,11003135.8568,0.0,0.0,0.0,0.0,0.0,0.0,12787135.342,0.0,0.0,0.0,0.0,0.0,0.0,3735941.0
tt0141926,100193422.122,0.0,0.0,0.0,0.0,0.0,0.0,0.0,0.0,0.0,0.0,0.0,0.0,0.0,0.0,0.0,0.0,0.0,69976880.0
tt0372824,0.0,0.0,0.0,0.0,0.0,0.0,0.0,0.0,14755881.5557,0.0,0.0,0.0,0.0,0.0,0.0,0.0,0.0,8565491.09464,99553106.0
tt0288477,0.0,0.0,0.0,0.0,0.0,46261794.8355,0.0,0.0,0.0,0.0,0.0,0.0,0.0,0.0,0.0,0.0,0.0,0.0,18776425.0
tt0437232,0.0,0.0,0.0,0.0,0.0,0.0,0.0,13333290.4573,15285679.7208,0.0,0.0,0.0,0.0,0.0,20491568.1639,0.0,0.0,0.0,230512547.0
tt2084970,0.0,0.0,0.0,0.0,0.0,0.0,0.0,41130102.6178,33328942.6932,0.0,0.0,31820369.9731,0.0,0.0,0.0,0.0,0.0,0.0,80837689.0
tt2975578,83877683.3977,0.0,0.0,0.0,0.0,74084165.2384,0.0,0.0,0.0,0.0,85685299.9082,0.0,0.0,0.0,0.0,0.0,0.0,0.0,91191019.0
tt0427309,0.0,0.0,0.0,0.0,0.0,0.0,0.0,50938867.3657,39981752.412,44380486.0771,0.0,0.0,0.0,0.0,0.0,0.0,0.0,0.0,38420085.0
tt0298130,0.0,0.0,0.0,0.0,0.0,68344774.6997,0.0,0.0,0.0,0.0,0.0,0.0,0.0,0.0,0.0,72276704.1841,0.0,0.0,40149709.0
tt0273799,0.0,0.0,0.0,32465958.8899,27660295.6423,0.0,0.0,0.0,0.0,0.0,0.0,0.0,42945540.4449,0.0,0.0,0.0,0.0,0.0,61284407.0
tt0244244,98355349.1356,0.0,0.0,0.0,106929630.257,0.0,0.0,0.0,0.0,0.0,0.0,104761357.09,0.0,0.0,0.0,0.0,0.0,0.0,47818139.0
tt0309377,36318446.294,0.0,0.0,0.0,40138132.9424,0.0,0.0,0.0,50691751.5117,0.0,0.0,0.0,0.0,0.0,0.0,0.0,0.0,0.0,55430956.0
tt0248667,0.0,0.0,0.0,0.0,0.0,0.0,0.0,97454002.4174,101593408.17,0.0,0.0,0.0,0.0,0.0,0.0,0.0,58695098.0146,0.0,30512675.0
tt1318514,175679423.603,0.0,0.0,0.0,0.0,0.0,0.0,0.0,182096596.643,0.0,169840076.038,0.0,0.0,0.0,0.0,0.0,0.0,0.0,14527962.0
tt2387433,0.0,0.0,0.0,0.0,0.0,16640865.0159,0.0,0.0,0.0,0.0,20502132.22,20408339.4502,0.0,0.0,0.0,0.0,0.0,0.0,9141430.0
tt1109624,0.0,0.0,88334642.0701,87661546.9132,0.0,0.0,0.0,0.0,0.0,0.0,0.0,0.0,91280445.4776,0.0,0.0,0.0,0.0,0.0,2520476.0
tt0401445,0.0,0.0,0.0,23339960.8421,0.0,0.0,0.0,0.0,26731046.1362,26802384.3769,0.0,0.0,0.0,0.0,0.0,0.0,0.0,0.0,33244349.0
tt0283509,0.0,0.0,0.0,0.0,0.0,0.0,0.0,0.0,12687846.7088,0.0,0.0,0.0,0.0,0.0,0.0,0.0,0.0,0.0,2621841.0
tt0278488,0.0,0.0,0.0,58831331.212,0.0,0.0,0.0,0.0,0.0,0.0,0.0,0.0,0.0,49739045.407,0.0,0.0,0.0,0.0,2197867.0
tt0267913,0.0,244341357.059,0.0,282283502.33,0.0,0.0,0.0,0.0,0.0,0.0,0.0,0.0,263190545.382,0.0,0.0,0.0,0.0,0.0,68774392.0
tt0325805,0.0,0.0,0.0,0.0,65236951.8034,0.0,0.0,0.0,76181290.4397,0.0,0.0,64898300.6418,0.0,0.0,0.0,0.0,0.0,0.0,160505317.0
tt1255953,0.0,0.0,0.0,0.0,0.0,0.0,0.0,0.0,14328268.777,0.0,0.0,0.0,0.0,0.0,0.0,12702438.704,0.0,0.0,4724208.0
tt0399862,0.0,31228297.8175,0.0,0.0,0.0,0.0,0.0,0.0,22544496.5799,0.0,0.0,0.0,0.0,0.0,0.0,0.0,0.0,0.0,2652082.0
tt0881891,0.0,0.0,0.0,51136467.0579,0.0,0.0,0.0,0.0,0.0,49658314.1169,0.0,0.0,0.0,0.0,0.0,0.0,0.0,0.0,40346769.0
tt0272207,0.0,0.0,0.0,0.0,12012515.8536,0.0,0.0,0.0,15960696.1183,0.0,0.0,0.0,0.0,0.0,0.0,13228024.2894,0.0,0.0,36569368.0
tt0815244,0.0,0.0,0.0,21483703.5253,0.0,0.0,0.0,0.0,0.0,23742813.8926,0.0,0.0,0.0,0.0,0.0,0.0,0.0,0.0,77230359.0
tt0225071,0.0,0.0,0.0,0.0,0.0,0.0,0.0,0.0,63210987.2455,61351929.8824,0.0,0.0,0.0,0.0,0.0,0.0,0.0,0.0,26307879.0
tt0824758,0.0,0.0,0.0,0.0,0.0,0.0,0.0,17168208.3352,18418795.9968,19195313.6256,0.0,0.0,0.0,0.0,0.0,0.0,0.0,0.0,53442120.0
tt0875034,0.0,0.0,0.0,0.0,0.0,0.0,0.0,0.0,50974415.8362,42130926.5314,0.0,0.0,0.0,0.0,0.0,0.0,0.0,0.0,14828430.0
tt1213012,0.0,30261705.334,30811515.8124,28739506.6072,0.0,0.0,0.0,0.0,0.0,0.0,0.0,0.0,0.0,0.0,0.0,0.0,0.0,0.0,22645558.0
tt0318283,0.0,0.0,0.0,33078045.3492,0.0,0.0,0.0,0.0,0.0,35225027.0042,0.0,0.0,0.0,0.0,0.0,0.0,0.0,0.0,155742573.0
tt0458481,20267726.2107,0.0,0.0,0.0,24036155.4838,0.0,0.0,0.0,0.0,0.0,0.0,26393073.9102,0.0,0.0,0.0,0.0,0.0,0.0,62367741.0
tt0332379,0.0,0.0,0.0,96077479.3977,0.0,0.0,0.0,0.0,0.0,0.0,0.0,0.0,0.0,0.0,0.0,0.0,0.0,82523460.9975,27998548.0
tt0185183,60163874.6174,74193633.1925,0.0,0.0,0.0,0.0,0.0,0.0,0.0,0.0,54891568.9049,0.0,0.0,0.0,0.0,0.0,0.0,0.0,11344561.0
tt0494652,0.0,0.0,0.0,67546711.7715,0.0,0.0,0.0,0.0,61009031.4814,65484019.4784,0.0,0.0,0.0,0.0,0.0,0.0,0.0,0.0,23335613.0
tt0795438,0.0,0.0,0.0,0.0,0.0,0.0,0.0,0.0,25254945.916,29189527.8595,0.0,0.0,0.0,0.0,0.0,0.0,0.0,0.0,24047457.0
tt1391137,0.0,0.0,0.0,105531234.026,0.0,0.0,0.0,0.0,87675743.0443,97845806.7817,0.0,0.0,0.0,0.0,0.0,0.0,0.0,0.0,79721079.0
tt0192731,0.0,0.0,0.0,0.0,0.0,32177806.5262,0.0,0.0,0.0,41668506.4173,0.0,0.0,0.0,0.0,0.0,37121530.7934,0.0,0.0,68066962.0
tt0462590,0.0,0.0,0.0,0.0,92604179.3181,0.0,0.0,0.0,89864238.384,0.0,0.0,0.0,0.0,0.0,0.0,0.0,0.0,79711409.289,82652646.0
tt2396566,0.0,0.0,0.0,0.0,0.0,0.0,16803812.9083,0.0,0.0,0.0,0.0,0.0,0.0,0.0,0.0,0.0,0.0,5689124.10554,8258424.0
tt0229260,0.0,54622527.9206,0.0,0.0,0.0,46706857.4819,0.0,0.0,0.0,0.0,0.0,0.0,0.0,45194797.4536,0.0,0.0,0.0,0.0,19467624.0
tt0255477,0.0,0.0,0.0,25714326.8064,0.0,0.0,0.0,0.0,0.0,0.0,0.0,0.0,31853163.3395,29389194.6436,0.0,0.0,0.0,0.0,64187689.0
tt0439478,0.0,0.0,0.0,13114564.0821,0.0,0.0,0.0,0.0,0.0,14925660.2262,0.0,0.0,0.0,0.0,0.0,0.0,0.0,0.0,50735863.0
tt2452042,0.0,136812855.517,156024786.927,155736237.849,0.0,0.0,0.0,0.0,0.0,0.0,0.0,0.0,0.0,0.0,0.0,0.0,0.0,0.0,31751864.0
tt0393162,0.0,0.0,0.0,0.0,0.0,0.0,0.0,0.0,111668377.831,0.0,0.0,0.0,0.0,0.0,0.0,0.0,130858891.195,0.0,23204573.0
tt0239395,100617275.496,0.0,0.0,120128018.435,0.0,0.0,0.0,0.0,0.0,0.0,0.0,0.0,115781178.349,0.0,0.0,0.0,0.0,0.0,72059857.0
tt0800369,218989395.449,225947293.316,0.0,0.0,0.0,0.0,0.0,0.0,0.0,0.0,0.0,0.0,0.0,228173728.766,0.0,0.0,0.0,0.0,43825472.0
tt0182508,0.0,0.0,0.0,0.0,0.0,0.0,0.0,0.0,11441724.7586,0.0,0.0,0.0,0.0,0.0,0.0,0.0,0.0,0.0,27966101.0
tt1327194,0.0,0.0,0.0,0.0,0.0,0.0,0.0,0.0,61449772.6775,69854185.2494,0.0,0.0,0.0,0.0,0.0,0.0,0.0,0.0,30962549.0
tt0173716,0.0,0.0,0.0,17130962.0191,13551818.9832,0.0,0.0,0.0,0.0,0.0,0.0,15362693.353,0.0,0.0,0.0,0.0,0.0,0.0,22833464.0
tt0367882,466429276.882,462734582.977,0.0,0.0,0.0,0.0,0.0,0.0,0.0,0.0,0.0,0.0,0.0,467983608.611,0.0,0.0,0.0,0.0,8867443.0
tt3659388,0.0,168121026.768,0.0,0.0,0.0,0.0,0.0,0.0,173567236.112,0.0,158441831.577,0.0,0.0,0.0,0.0,0.0,0.0,0.0,184112152.0
tt0266697,87528684.0535,0.0,0.0,0.0,0.0,0.0,0.0,0.0,0.0,0.0,0.0,86440320.5386,0.0,0.0,0.0,0.0,0.0,0.0,48680626.0
tt1038686,53258543.9528,0.0,0.0,0.0,0.0,48508162.5705,0.0,0.0,0.0,0.0,0.0,0.0,0.0,49184544.6058,0.0,0.0,0.0,0.0,71722036.0
tt0427969,0.0,0.0,0.0,0.0,29576103.868,0.0,0.0,37081416.6898,34734765.8822,0.0,0.0,0.0,0.0,0.0,0.0,0.0,0.0,0.0,64979081.0
tt0427968,0.0,0.0,0.0,15960611.757,0.0,0.0,0.0,0.0,16533174.0875,17999155.8021,0.0,0.0,0.0,0.0,0.0,0.0,0.0,0.0,37348608.0
tt0918927,0.0,0.0,0.0,0.0,0.0,0.0,0.0,0.0,22678181.4876,0.0,0.0,0.0,0.0,0.0,0.0,16249482.3927,0.0,0.0,43067611.0
tt0486822,0.0,0.0,0.0,0.0,0.0,0.0,0.0,0.0,71567528.6896,0.0,0.0,73191015.5812,0.0,0.0,0.0,75523918.8806,0.0,0.0,28479277.0
tt0298856,0.0,0.0,0.0,0.0,0.0,0.0,0.0,0.0,17495179.9448,0.0,0.0,0.0,0.0,0.0,0.0,0.0,0.0,0.0,3073578.0
tt1815862,94575179.9664,108642101.162,0.0,0.0,0.0,0.0,0.0,0.0,0.0,0.0,86249393.0809,0.0,0.0,0.0,0.0,0.0,0.0,0.0,9024520.0
tt0387131,0.0,0.0,0.0,0.0,0.0,0.0,0.0,0.0,50540414.4665,54849653.5239,0.0,0.0,0.0,0.0,0.0,48930844.4493,0.0,0.0,166220083.0
tt2097307,8240131.7774,0.0,0.0,9604580.18837,0.0,0.0,0.0,0.0,0.0,12396937.7094,0.0,0.0,0.0,0.0,0.0,0.0,0.0,0.0,18920268.0
tt1854236,0.0,0.0,0.0,14110114.0868,0.0,0.0,0.0,0.0,0.0,16063352.6484,0.0,0.0,0.0,0.0,0.0,0.0,0.0,0.0,173839323.0
tt0191754,0.0,0.0,0.0,63808921.4734,0.0,0.0,0.0,0.0,63352448.7649,0.0,0.0,0.0,0.0,0.0,0.0,0.0,0.0,0.0,2706283.0
tt0455824,0.0,90362591.8062,0.0,0.0,0.0,0.0,0.0,0.0,103274326.052,93371052.5566,0.0,0.0,0.0,0.0,0.0,0.0,0.0,0.0,67177342.0
tt0338135,0.0,0.0,0.0,14284435.1434,11084952.8499,0.0,0.0,0.0,14077785.3652,0.0,0.0,0.0,0.0,0.0,0.0,0.0,0.0,0.0,287612664.0
tt0220100,0.0,0.0,0.0,0.0,0.0,0.0,0.0,0.0,14118039.8852,0.0,0.0,0.0,0.0,0.0,0.0,0.0,0.0,0.0,32650190.0
tt0257756,0.0,0.0,0.0,0.0,65115553.463,0.0,0.0,0.0,70422022.3882,0.0,0.0,0.0,0.0,0.0,0.0,62714955.3007,0.0,0.0,1298839.0
tt1327773,0.0,0.0,0.0,0.0,0.0,0.0,0.0,93417467.5412,69732991.4455,0.0,0.0,0.0,0.0,0.0,0.0,0.0,0.0,0.0,513740050.0
tt1980929,0.0,0.0,0.0,0.0,0.0,0.0,0.0,0.0,14970796.236,0.0,0.0,0.0,0.0,0.0,0.0,0.0,0.0,8412320.27418,463072383.0
tt0369436,0.0,0.0,0.0,133110760.395,0.0,0.0,0.0,0.0,123624095.454,126171676.069,0.0,0.0,0.0,0.0,0.0,0.0,0.0,0.0,34414336.0
tt1231587,0.0,0.0,0.0,50050975.1762,0.0,0.0,0.0,0.0,0.0,0.0,41217212.0088,0.0,0.0,0.0,0.0,0.0,0.0,0.0,8922144.0
tt0499549,282043210.462,301036047.495,0.0,0.0,0.0,0.0,0.0,0.0,0.0,0.0,0.0,0.0,0.0,292501711.404,0.0,0.0,0.0,0.0,209074978.0
tt0449059,0.0,0.0,0.0,16298561.56,0.0,0.0,0.0,0.0,16622961.8659,0.0,0.0,0.0,0.0,0.0,0.0,0.0,0.0,0.0,17116044.0
tt0259974,18387111.9895,25707933.8777,26779982.9789,0.0,0.0,0.0,0.0,0.0,0.0,0.0,0.0,0.0,0.0,0.0,0.0,0.0,0.0,0.0,1455938.0
tt0443649,133269865.854,143063209.465,0.0,0.0,0.0,0.0,0.0,0.0,151071067.715,0.0,0.0,0.0,0.0,0.0,0.0,0.0,0.0,0.0,19857446.0
tt2436386,0.0,0.0,0.0,0.0,0.0,0.0,0.0,0.0,0.0,0.0,21395946.3772,18618281.4269,0.0,0.0,0.0,0.0,0.0,0.0,2566416.0
tt1201607,0.0,526006410.949,0.0,0.0,0.0,0.0,0.0,0.0,530739558.413,0.0,0.0,0.0,0.0,524155565.922,0.0,0.0,0.0,0.0,63952969.0
tt1139797,0.0,0.0,0.0,0.0,0.0,11496188.1254,0.0,0.0,13225017.2381,15567164.3887,0.0,0.0,0.0,0.0,0.0,0.0,0.0,0.0,16381917.0
tt0396269,0.0,0.0,0.0,151814848.355,0.0,0.0,0.0,0.0,0.0,139352647.916,0.0,0.0,0.0,0.0,0.0,0.0,0.0,0.0,139457365.0
tt0204175,0.0,0.0,0.0,47515679.7436,0.0,0.0,0.0,0.0,48341545.6405,48576045.8451,0.0,0.0,0.0,0.0,0.0,0.0,0.0,0.0,123852508.0
tt0976051,0.0,0.0,0.0,0.0,0.0,0.0,0.0,0.0,34882349.3559,33403592.6958,0.0,0.0,0.0,0.0,0.0,0.0,0.0,0.0,29297825.0
tt0763831,0.0,0.0,0.0,29977767.1256,0.0,0.0,0.0,0.0,31739835.7893,0.0,0.0,0.0,0.0,0.0,0.0,0.0,0.0,0.0,18372928.0
tt1457767,0.0,0.0,0.0,0.0,0.0,108868062.952,0.0,0.0,0.0,0.0,0.0,117053102.656,0.0,0.0,0.0,122151410.482,0.0,0.0,5057048.0
tt0758746,0.0,0.0,0.0,0.0,0.0,125349910.478,0.0,0.0,0.0,0.0,0.0,0.0,0.0,0.0,0.0,0.0,0.0,0.0,2334198.0
tt0183659,0.0,0.0,0.0,0.0,0.0,0.0,0.0,16359010.2446,16298300.4145,0.0,0.0,0.0,0.0,0.0,0.0,0.0,0.0,0.0,36725443.0
tt1996264,0.0,0.0,0.0,12779417.7915,0.0,0.0,0.0,0.0,0.0,0.0,0.0,0.0,0.0,0.0,0.0,0.0,0.0,0.0,29994721.0
tt0404390,15643998.5088,0.0,0.0,0.0,15977237.853,0.0,0.0,0.0,19202499.7498,0.0,0.0,0.0,0.0,0.0,0.0,0.0,0.0,0.0,149061076.0
tt0477071,0.0,0.0,0.0,0.0,0.0,0.0,0.0,0.0,56915884.5743,0.0,0.0,58128665.3406,0.0,0.0,0.0,59676156.2275,0.0,0.0,14647828.0
tt0473024,21574274.2532,0.0,0.0,0.0,0.0,0.0,0.0,0.0,0.0,0.0,0.0,0.0,0.0,0.0,0.0,0.0,27752325.3318,0.0,240560.0
tt0298228,0.0,0.0,0.0,0.0,0.0,0.0,0.0,0.0,14232677.592,0.0,0.0,0.0,31757385.8024,0.0,0.0,0.0,0.0,0.0,339790512.0
tt0266747,0.0,0.0,0.0,13893252.6201,0.0,0.0,0.0,0.0,0.0,0.0,0.0,0.0,0.0,0.0,0.0,0.0,0.0,13955466.0789,5661467.0
tt0362225,0.0,0.0,0.0,0.0,13861405.1864,0.0,0.0,0.0,18899985.8863,0.0,0.0,0.0,0.0,0.0,0.0,14695392.8898,0.0,0.0,168969506.0
tt0362227,0.0,0.0,0.0,98104190.3428,0.0,0.0,0.0,0.0,93533082.4493,94645978.4877,0.0,0.0,0.0,0.0,0.0,0.0,0.0,0.0,162864833.0
tt1991245,0.0,0.0,0.0,0.0,0.0,14952270.7279,0.0,0.0,0.0,0.0,20259608.9346,0.0,0.0,0.0,0.0,20190551.7184,0.0,0.0,4887201.0
tt0186151,0.0,0.0,0.0,0.0,44171641.5031,0.0,0.0,0.0,48916963.4845,0.0,0.0,0.0,0.0,0.0,0.0,42956964.1757,0.0,0.0,48364986.0
tt2937898,13092915.0156,0.0,0.0,0.0,12980295.1345,0.0,0.0,0.0,17558493.6472,0.0,0.0,0.0,0.0,0.0,0.0,0.0,0.0,0.0,4668087.0
tt3076658,0.0,0.0,0.0,0.0,0.0,0.0,0.0,0.0,78685120.5269,0.0,0.0,0.0,0.0,0.0,0.0,0.0,94128907.145,0.0,128978524.0
tt2488496,751747190.917,731370120.864,0.0,0.0,0.0,0.0,0.0,0.0,0.0,0.0,0.0,0.0,0.0,709031311.684,0.0,0.0,0.0,0.0,1472314.0
tt2679042,17264321.1339,0.0,0.0,0.0,19154096.7966,0.0,0.0,0.0,0.0,0.0,0.0,21252855.4074,0.0,0.0,0.0,0.0,0.0,0.0,67801532.0
tt0816692,0.0,174556181.478,0.0,0.0,0.0,0.0,0.0,0.0,188617865.725,0.0,146332904.796,0.0,0.0,0.0,0.0,0.0,0.0,0.0,14538176.0
tt0457530,0.0,0.0,0.0,0.0,0.0,0.0,0.0,0.0,14968470.9575,0.0,0.0,0.0,0.0,0.0,0.0,0.0,0.0,0.0,137563230.0
tt0218967,0.0,0.0,0.0,97479168.663,0.0,0.0,0.0,0.0,96231570.0181,0.0,0.0,0.0,0.0,89388245.9077,0.0,0.0,0.0,0.0,4522548.0
tt0435705,31509711.5352,0.0,0.0,0.0,0.0,0.0,0.0,0.0,0.0,0.0,25812812.9925,38170074.3904,0.0,0.0,0.0,0.0,0.0,0.0,15297574.0
tt0479500,0.0,0.0,0.0,25113764.4276,21411236.277,0.0,0.0,0.0,0.0,0.0,0.0,0.0,38238337.1616,0.0,0.0,0.0,0.0,0.0,8382844.0
tt1935179,0.0,0.0,0.0,0.0,0.0,0.0,0.0,0.0,19029501.1647,0.0,0.0,0.0,0.0,0.0,0.0,0.0,0.0,0.0,29740802.0
tt0261289,0.0,0.0,0.0,33787710.3798,0.0,0.0,0.0,0.0,0.0,35811404.8934,0.0,0.0,0.0,0.0,0.0,0.0,0.0,0.0,186381999.0
tt0377818,115043238.861,117350380.249,0.0,134480173.853,0.0,0.0,0.0,0.0,0.0,0.0,0.0,0.0,0.0,0.0,0.0,0.0,0.0,0.0,42652026.0
tt0489270,0.0,0.0,0.0,0.0,0.0,105720097.81,0.0,0.0,0.0,0.0,0.0,0.0,0.0,0.0,0.0,0.0,0.0,0.0,4074436.0
tt1849718,15449211.4129,0.0,0.0,0.0,14253384.2236,0.0,0.0,0.0,17400820.6434,0.0,0.0,0.0,0.0,0.0,0.0,0.0,0.0,0.0,269941323.0
tt0481499,0.0,150065132.797,171758162.328,169023657.322,0.0,0.0,0.0,0.0,0.0,0.0,0.0,0.0,0.0,0.0,0.0,0.0,0.0,0.0,322671297.0
tt0348150,229802254.451,250503962.771,0.0,0.0,0.0,0.0,0.0,0.0,0.0,0.0,203347568.903,0.0,0.0,0.0,0.0,0.0,0.0,0.0,1898748.0
tt0146882,0.0,0.0,0.0,49034999.6389,0.0,0.0,0.0,0.0,49005299.9436,0.0,0.0,0.0,0.0,0.0,0.0,0.0,0.0,44174616.7389,59280004.0
tt1959490,142146934.949,151603925.852,0.0,0.0,0.0,0.0,0.0,0.0,160520113.109,0.0,0.0,0.0,0.0,0.0,0.0,0.0,0.0,0.0,111901732.0
tt1939659,0.0,0.0,0.0,0.0,0.0,41490782.3816,0.0,0.0,46619303.8422,0.0,0.0,0.0,0.0,41353934.646,0.0,0.0,0.0,0.0,40975406.0
tt0287717,68131327.3339,73693795.1921,0.0,81144856.7241,0.0,0.0,0.0,0.0,0.0,0.0,0.0,0.0,0.0,0.0,0.0,0.0,0.0,0.0,61160936.0
tt0337917,0.0,0.0,0.0,21559550.6525,18355963.7463,0.0,0.0,0.0,0.0,0.0,0.0,0.0,0.0,0.0,0.0,0.0,0.0,0.0,22018888.0
tt0775488,0.0,0.0,0.0,0.0,13187952.7537,0.0,0.0,0.0,15870970.0833,0.0,0.0,14933975.3991,0.0,0.0,0.0,0.0,0.0,0.0,8510374.0
tt0450405,16693695.8421,25280952.7279,0.0,0.0,0.0,0.0,0.0,0.0,0.0,0.0,0.0,0.0,0.0,18689914.0312,0.0,0.0,0.0,0.0,41078277.0
tt2637276,0.0,0.0,0.0,114930544.497,0.0,0.0,0.0,0.0,0.0,0.0,0.0,0.0,0.0,0.0,0.0,0.0,0.0,0.0,12179800.0
tt0365929,13559890.3528,0.0,0.0,0.0,15523338.2552,0.0,0.0,0.0,0.0,0.0,0.0,0.0,0.0,0.0,0.0,15740281.8323,0.0,0.0,53312107.0
tt1179891,0.0,0.0,0.0,0.0,0.0,59361905.2593,0.0,0.0,0.0,0.0,0.0,64829649.0519,0.0,0.0,0.0,0.0,0.0,0.0,38490614.0
tt0410377,0.0,43866811.2159,0.0,46784260.4914,0.0,0.0,0.0,0.0,0.0,0.0,0.0,0.0,55064988.9006,0.0,0.0,0.0,0.0,0.0,7208172.0
tt2125435,0.0,0.0,0.0,0.0,0.0,0.0,0.0,0.0,12321894.1371,0.0,0.0,0.0,0.0,10769579.8647,0.0,0.0,0.0,0.0,72196884.0
tt0452694,0.0,0.0,0.0,0.0,0.0,0.0,0.0,0.0,62416302.2853,67548455.7542,0.0,0.0,0.0,56759453.0839,0.0,0.0,0.0,0.0,10824684.0
tt1515091,132492536.479,142736658.404,0.0,0.0,139446921.018,0.0,0.0,0.0,0.0,0.0,0.0,0.0,0.0,0.0,0.0,0.0,0.0,0.0,53580815.0
tt0945513,0.0,0.0,0.0,0.0,0.0,0.0,0.0,0.0,0.0,0.0,43300788.1256,43473732.184,0.0,0.0,0.0,43252996.6459,0.0,0.0,118073407.0
tt0192071,0.0,0.0,0.0,27290574.8071,0.0,0.0,0.0,0.0,0.0,29480941.5558,0.0,0.0,0.0,0.0,0.0,0.0,0.0,0.0,404266147.0
tt0139654,0.0,0.0,0.0,0.0,106258149.034,0.0,0.0,0.0,109052827.89,0.0,0.0,102492407.565,0.0,0.0,0.0,0.0,0.0,0.0,62164298.0
tt0421239,0.0,0.0,0.0,0.0,0.0,0.0,0.0,0.0,0.0,0.0,0.0,58024838.6638,0.0,0.0,0.0,58654481.8867,0.0,0.0,26542975.0
tt0200669,0.0,0.0,0.0,0.0,0.0,0.0,0.0,0.0,21584907.7734,21438992.9017,0.0,0.0,0.0,0.0,0.0,0.0,0.0,0.0,254239545.0
tt1862079,0.0,0.0,0.0,12691214.4878,0.0,0.0,0.0,0.0,11610992.2089,14485751.6353,0.0,0.0,0.0,0.0,0.0,0.0,0.0,0.0,15320094.0
tt0405159,0.0,0.0,0.0,0.0,0.0,0.0,0.0,0.0,29004324.4073,0.0,0.0,0.0,0.0,0.0,0.0,0.0,7573729.02726,0.0,81623570.0
tt0200465,0.0,0.0,0.0,0.0,24187203.0755,0.0,0.0,0.0,27033403.4047,30060804.8552,0.0,0.0,0.0,0.0,0.0,0.0,0.0,0.0,21157935.0
tt0790686,0.0,0.0,0.0,0.0,0.0,35246528.5936,0.0,0.0,0.0,0.0,0.0,0.0,0.0,0.0,0.0,38751491.0862,0.0,0.0,10229255.0
tt0326905,36755992.3759,0.0,0.0,0.0,0.0,0.0,0.0,0.0,62354568.5003,0.0,0.0,0.0,0.0,0.0,0.0,0.0,0.0,0.0,192916521.0
tt0415306,180387544.844,0.0,0.0,210030699.397,0.0,0.0,0.0,0.0,0.0,0.0,0.0,0.0,0.0,0.0,0.0,0.0,199116403.236,0.0,76892400.0
tt1083456,0.0,0.0,0.0,23893011.9172,0.0,0.0,0.0,0.0,0.0,0.0,0.0,0.0,0.0,0.0,0.0,0.0,0.0,0.0,26179581.0
tt0326900,0.0,0.0,0.0,53310852.5369,0.0,0.0,0.0,0.0,44696878.5942,0.0,0.0,0.0,64995239.1332,0.0,0.0,0.0,0.0,0.0,11055234.0
tt1035736,0.0,0.0,0.0,0.0,0.0,0.0,0.0,20078435.6217,22173691.3966,0.0,0.0,0.0,0.0,0.0,0.0,0.0,0.0,0.0,32213981.0
tt0393735,0.0,0.0,0.0,71139355.054,0.0,0.0,0.0,0.0,0.0,0.0,0.0,0.0,74168595.5567,60243671.2163,0.0,0.0,0.0,0.0,21867983.0
tt0302886,0.0,0.0,0.0,80963578.8876,0.0,0.0,0.0,0.0,0.0,0.0,0.0,0.0,0.0,0.0,0.0,0.0,0.0,0.0,22313344.0
tt0186045,0.0,0.0,0.0,42040759.3807,35990155.0887,0.0,0.0,0.0,0.0,0.0,0.0,0.0,0.0,0.0,0.0,34154167.2017,0.0,0.0,46970770.0
tt0469494,0.0,0.0,0.0,0.0,0.0,0.0,0.0,0.0,25253758.9267,0.0,0.0,0.0,0.0,0.0,0.0,0.0,0.0,0.0,4828603.0
tt0796366,265251345.125,270515344.409,0.0,0.0,0.0,0.0,0.0,0.0,0.0,0.0,248998257.907,0.0,0.0,0.0,0.0,0.0,0.0,0.0,26518128.0
tt0454876,0.0,97552658.0534,0.0,0.0,0.0,0.0,0.0,0.0,106541573.322,0.0,0.0,0.0,0.0,97809174.5868,0.0,0.0,0.0,0.0,140042081.0
tt1735898,192916302.562,204987717.029,0.0,0.0,0.0,0.0,0.0,0.0,220476856.321,0.0,0.0,0.0,0.0,0.0,0.0,0.0,0.0,0.0,22764182.0
tt0408524,0.0,0.0,0.0,46687413.0398,0.0,0.0,0.0,0.0,0.0,0.0,0.0,0.0,0.0,0.0,0.0,0.0,49488992.0707,0.0,75749394.0
tt1532958,0.0,0.0,0.0,0.0,0.0,0.0,0.0,0.0,16609768.4914,0.0,0.0,0.0,0.0,0.0,0.0,0.0,0.0,16729770.2449,45332516.0
tt0298814,53355459.8933,64704899.1859,0.0,0.0,0.0,0.0,0.0,0.0,0.0,0.0,49366682.7332,0.0,0.0,0.0,0.0,0.0,0.0,0.0,117623911.0
tt0145487,517439965.536,510046349.644,0.0,0.0,0.0,0.0,0.0,0.0,0.0,528846849.496,0.0,0.0,0.0,0.0,0.0,0.0,0.0,0.0,10225319.0
tt1229238,105499432.604,121300498.897,0.0,0.0,0.0,0.0,0.0,0.0,0.0,0.0,0.0,109830034.748,0.0,0.0,0.0,0.0,0.0,0.0,19983140.0
tt0407121,0.0,0.0,26966939.2228,0.0,0.0,0.0,0.0,0.0,0.0,0.0,0.0,0.0,36750634.1724,17730385.2328,0.0,0.0,0.0,0.0,24947106.0
tt0840361,0.0,0.0,0.0,0.0,74203213.8965,0.0,0.0,0.0,73770474.03,0.0,0.0,72281310.4639,0.0,0.0,0.0,0.0,0.0,0.0,48520268.0
tt0341540,0.0,0.0,0.0,12891652.5166,9914352.12136,0.0,0.0,0.0,0.0,0.0,0.0,0.0,32377628.1793,0.0,0.0,0.0,0.0,0.0,204956867.0
tt0204946,0.0,0.0,0.0,95702953.5093,0.0,0.0,0.0,0.0,0.0,0.0,0.0,0.0,0.0,0.0,0.0,0.0,92738851.003,0.0,20575910.0
tt3063516,0.0,0.0,0.0,100362707.863,0.0,0.0,0.0,0.0,0.0,0.0,0.0,0.0,0.0,0.0,0.0,0.0,0.0,0.0,35234247.0
tt0385752,0.0,141694477.534,0.0,0.0,0.0,0.0,0.0,0.0,0.0,0.0,0.0,0.0,121356392.578,154143030.861,0.0,0.0,0.0,0.0,69408501.0
tt1216491,0.0,0.0,0.0,0.0,10372601.0428,0.0,0.0,12512657.4967,12447723.5205,0.0,0.0,0.0,0.0,0.0,0.0,0.0,0.0,0.0,34229203.0
tt0785007,0.0,0.0,0.0,14684075.0367,0.0,0.0,0.0,0.0,0.0,17258665.4576,0.0,0.0,0.0,9122601.95935,0.0,0.0,0.0,0.0,40435725.0
tt0785006,0.0,0.0,0.0,59843549.4698,0.0,0.0,0.0,0.0,0.0,0.0,0.0,0.0,68057231.0846,0.0,0.0,0.0,0.0,0.0,18145733.0
tt1019452,0.0,0.0,0.0,15254614.8095,0.0,0.0,0.0,0.0,15180275.6295,0.0,0.0,0.0,0.0,0.0,0.0,0.0,0.0,0.0,239889659.0
tt0277027,0.0,0.0,0.0,0.0,0.0,0.0,0.0,0.0,25418550.876,0.0,0.0,0.0,0.0,0.0,0.0,0.0,0.0,0.0,4746780.0
tt0780504,0.0,0.0,0.0,0.0,28446037.4606,0.0,0.0,0.0,27065320.5765,0.0,0.0,0.0,0.0,0.0,0.0,0.0,0.0,0.0,10207560.0
tt0822832,0.0,0.0,0.0,146127785.712,0.0,0.0,0.0,0.0,128849118.298,0.0,0.0,0.0,143624985.217,0.0,0.0,0.0,0.0,0.0,3719569.0
tt0390521,0.0,0.0,0.0,14200971.5473,0.0,0.0,17285378.7837,0.0,12643213.0508,0.0,0.0,0.0,0.0,0.0,0.0,0.0,0.0,0.0,88131197.0
tt0268380,0.0,202741677.317,234507261.39,234100038.295,0.0,0.0,0.0,0.0,0.0,0.0,0.0,0.0,0.0,0.0,0.0,0.0,0.0,0.0,1747038.0
tt0433387,11995717.4608,0.0,0.0,0.0,10833735.6499,0.0,0.0,0.0,11417973.8563,0.0,0.0,0.0,0.0,0.0,0.0,0.0,0.0,0.0,9009706.0
tt0319061,0.0,52047034.3502,0.0,0.0,0.0,0.0,0.0,0.0,53823728.6254,0.0,0.0,0.0,0.0,46768098.1047,0.0,0.0,0.0,0.0,16592143.0
tt0192255,0.0,44182398.5105,0.0,40507744.1999,0.0,0.0,0.0,0.0,0.0,0.0,0.0,0.0,47374268.2668,0.0,0.0,0.0,0.0,0.0,44874803.0
tt0278295,46787883.1103,0.0,0.0,54058213.4328,46822538.2872,0.0,0.0,0.0,0.0,0.0,0.0,0.0,0.0,0.0,0.0,0.0,0.0,0.0,187214882.0
tt0977855,0.0,0.0,0.0,0.0,0.0,0.0,0.0,21356730.1584,22767167.4226,0.0,0.0,18312979.7043,0.0,0.0,0.0,0.0,0.0,0.0,6655679.0
tt0290212,0.0,0.0,0.0,14870386.3113,0.0,0.0,0.0,0.0,0.0,16563310.0754,0.0,0.0,0.0,0.0,0.0,0.0,0.0,0.0,4634600.0
tt1023481,0.0,0.0,0.0,0.0,0.0,0.0,0.0,0.0,73066562.7714,0.0,0.0,0.0,0.0,0.0,0.0,0.0,0.0,72136097.5486,4626747.0
tt0264472,0.0,0.0,0.0,0.0,0.0,0.0,0.0,0.0,85408860.1574,0.0,0.0,78476206.955,0.0,0.0,0.0,0.0,0.0,0.0,423597736.0
tt0365748,0.0,0.0,0.0,24298502.8329,0.0,19310954.9792,0.0,0.0,0.0,0.0,0.0,0.0,0.0,0.0,0.0,0.0,0.0,0.0,46495046.0
tt1232783,0.0,0.0,0.0,0.0,0.0,9906439.72785,0.0,0.0,0.0,0.0,0.0,0.0,0.0,0.0,0.0,13303004.6786,0.0,0.0,6319515.0
tt0410097,0.0,0.0,0.0,0.0,36111072.6686,0.0,0.0,0.0,35949707.5474,0.0,0.0,0.0,0.0,0.0,0.0,0.0,0.0,32132478.8803,33128069.0
tt0758774,50197068.3068,0.0,0.0,0.0,0.0,0.0,0.0,0.0,65635187.5903,63976708.6897,0.0,0.0,0.0,0.0,0.0,0.0,0.0,0.0,2663771.0
tt0245844,54142904.8477,64069859.8668,0.0,0.0,0.0,0.0,0.0,0.0,61429985.9563,0.0,0.0,0.0,0.0,0.0,0.0,0.0,0.0,0.0,6785662.0
tt1253864,104227142.474,0.0,0.0,0.0,0.0,0.0,0.0,0.0,113128273.445,0.0,0.0,0.0,0.0,106508492.951,0.0,0.0,0.0,0.0,107149253.0
tt2305051,0.0,28874268.8497,0.0,0.0,0.0,0.0,0.0,21855013.7814,20586421.8506,0.0,0.0,0.0,0.0,0.0,0.0,0.0,0.0,0.0,81165512.0
tt0481536,0.0,51050338.1333,0.0,53927130.6935,0.0,0.0,0.0,0.0,0.0,0.0,0.0,0.0,0.0,0.0,0.0,0.0,0.0,0.0,69314015.0
tt0306841,0.0,69593304.2925,0.0,76668574.967,0.0,0.0,0.0,0.0,0.0,0.0,0.0,0.0,87162009.4254,0.0,0.0,0.0,0.0,0.0,64397471.0
tt0285742,0.0,0.0,0.0,0.0,0.0,0.0,0.0,0.0,14205727.3765,16269368.5469,0.0,0.0,0.0,0.0,0.0,0.0,0.0,0.0,126236731.0
tt0275022,0.0,0.0,0.0,80199743.0639,0.0,0.0,0.0,0.0,66165853.9518,75320792.8611,0.0,0.0,0.0,0.0,0.0,0.0,0.0,0.0,68913792.0
tt0441796,0.0,0.0,0.0,0.0,0.0,35003961.8941,0.0,0.0,0.0,0.0,0.0,39048169.2355,0.0,0.0,0.0,0.0,0.0,0.0,391811683.0
tt2515034,11639031.7454,0.0,0.0,0.0,13684168.2542,0.0,0.0,0.0,19072331.9794,0.0,0.0,0.0,0.0,0.0,0.0,0.0,0.0,0.0,85810449.0
tt0478304,0.0,0.0,0.0,0.0,0.0,0.0,0.0,0.0,27205079.2482,0.0,0.0,0.0,0.0,24877041.4737,0.0,0.0,0.0,0.0,73461371.0
tt0263728,21503059.7567,36573634.315,0.0,0.0,0.0,0.0,0.0,0.0,0.0,0.0,0.0,0.0,0.0,26626895.0493,0.0,0.0,0.0,0.0,3051533.0
tt0171359,0.0,0.0,0.0,0.0,0.0,0.0,0.0,0.0,12651799.0362,15214676.0312,0.0,12088695.475,0.0,0.0,0.0,0.0,0.0,0.0,166050884.0
tt1674771,0.0,0.0,0.0,28895297.4568,0.0,0.0,0.0,0.0,0.0,0.0,0.0,0.0,0.0,0.0,0.0,0.0,0.0,0.0,43498902.0
tt0216216,75552138.7215,0.0,0.0,0.0,0.0,0.0,0.0,0.0,0.0,0.0,61403534.1544,0.0,0.0,0.0,0.0,75689458.7594,0.0,0.0,389473965.0
tt0171356,0.0,0.0,0.0,17736990.7081,14185777.3779,0.0,0.0,0.0,0.0,19824314.7104,0.0,0.0,0.0,0.0,0.0,0.0,0.0,0.0,23277367.0
tt0276919,0.0,0.0,0.0,0.0,13745420.7442,0.0,0.0,0.0,18881629.9611,0.0,0.0,0.0,0.0,0.0,0.0,0.0,0.0,0.0,65761878.0
tt0327679,0.0,0.0,0.0,37225544.6999,0.0,0.0,0.0,0.0,0.0,0.0,0.0,0.0,45540664.372,33713359.8793,0.0,0.0,0.0,0.0,297562332.0
tt0283426,0.0,58263257.8955,63705588.1487,0.0,0.0,0.0,0.0,0.0,0.0,0.0,0.0,0.0,73028740.6634,0.0,0.0,0.0,0.0,0.0,42540365.0
tt0338459,135213702.913,135730214.738,0.0,156109122.559,0.0,0.0,0.0,0.0,0.0,0.0,0.0,0.0,0.0,0.0,0.0,0.0,0.0,0.0,20177978.0
tt2058107,0.0,0.0,0.0,0.0,0.0,0.0,0.0,17732290.0584,19301205.4169,19771980.2069,0.0,0.0,0.0,0.0,0.0,0.0,0.0,0.0,37889918.0
tt0247425,0.0,0.0,0.0,0.0,9855716.37532,0.0,0.0,0.0,12401216.6462,0.0,0.0,0.0,0.0,0.0,0.0,0.0,0.0,0.0,198116290.0
tt0238924,0.0,0.0,0.0,17216006.7691,0.0,0.0,0.0,0.0,18762707.5969,0.0,0.0,0.0,0.0,0.0,0.0,0.0,0.0,0.0,42863615.0
tt1129423,0.0,0.0,0.0,0.0,0.0,0.0,0.0,0.0,26099385.4871,31714805.934,0.0,0.0,0.0,0.0,0.0,0.0,0.0,0.0,1145664.0
tt0821642,0.0,0.0,0.0,0.0,0.0,0.0,0.0,55249457.2099,53410446.1885,0.0,0.0,0.0,0.0,0.0,0.0,0.0,0.0,51479706.9737,6010436.0
tt0775539,0.0,0.0,0.0,0.0,0.0,0.0,0.0,0.0,87784494.2381,98490346.5897,0.0,0.0,0.0,0.0,0.0,0.0,0.0,85448084.9731,13758841.0
tt0899106,0.0,0.0,0.0,0.0,0.0,0.0,0.0,0.0,28895696.9987,33187303.698,0.0,0.0,0.0,0.0,0.0,0.0,0.0,0.0,22905692.0
tt1160368,15562474.806,0.0,0.0,0.0,16409295.854,0.0,0.0,0.0,0.0,0.0,0.0,18391721.902,0.0,0.0,0.0,0.0,0.0,0.0,82394115.0
tt0431021,0.0,0.0,0.0,0.0,0.0,43104144.855,0.0,0.0,0.0,0.0,0.0,48306287.5021,0.0,0.0,0.0,0.0,0.0,0.0,39261838.0
tt3316948,11096840.2886,0.0,0.0,14859071.1249,0.0,0.0,0.0,0.0,0.0,0.0,13347705.5659,0.0,0.0,0.0,0.0,0.0,0.0,0.0,29772319.0
tt0417433,0.0,0.0,0.0,0.0,0.0,0.0,0.0,0.0,39281460.9321,41732814.8071,0.0,0.0,0.0,0.0,0.0,0.0,40650815.6482,0.0,33158202.0
tt0472181,0.0,129299896.348,148105764.911,143363328.366,0.0,0.0,0.0,0.0,0.0,0.0,0.0,0.0,0.0,0.0,0.0,0.0,0.0,0.0,24251370.0
tt0314353,77188892.8657,0.0,0.0,0.0,0.0,0.0,0.0,0.0,93986982.8781,0.0,0.0,81326829.6141,0.0,0.0,0.0,0.0,0.0,0.0,182902316.0
tt0497465,0.0,0.0,0.0,0.0,0.0,0.0,0.0,0.0,25242030.1944,27471511.4235,0.0,0.0,0.0,0.0,0.0,0.0,0.0,0.0,331125627.0
tt0180073,0.0,0.0,0.0,0.0,0.0,0.0,0.0,19736752.7703,21197223.8325,0.0,0.0,0.0,0.0,0.0,0.0,0.0,0.0,0.0,56793432.0
tt0315733,0.0,0.0,0.0,0.0,0.0,0.0,0.0,0.0,24137406.1098,0.0,0.0,0.0,0.0,0.0,0.0,0.0,0.0,0.0,63047144.0
tt1540128,0.0,0.0,0.0,19016435.8557,0.0,0.0,0.0,0.0,0.0,22700967.6047,0.0,0.0,0.0,0.0,0.0,0.0,22447641.4804,0.0,252595773.0
tt0208988,41999714.0129,0.0,0.0,0.0,47614483.8726,0.0,0.0,0.0,63604210.0796,0.0,0.0,0.0,0.0,0.0,0.0,0.0,0.0,0.0,44401293.0
tt1702443,0.0,0.0,0.0,0.0,0.0,0.0,71660533.3307,0.0,0.0,0.0,0.0,0.0,0.0,0.0,0.0,0.0,0.0,78041088.5579,43964879.0
tt0422093,0.0,0.0,0.0,98929500.311,0.0,0.0,0.0,0.0,80268267.7474,91078673.2801,0.0,0.0,0.0,0.0,0.0,0.0,0.0,0.0,48740466.0
tt0463985,99882582.2385,0.0,0.0,0.0,106085561.458,0.0,0.0,0.0,0.0,0.0,0.0,103191056.319,0.0,0.0,0.0,0.0,0.0,0.0,109129876.0
tt1686821,8727327.38523,0.0,0.0,12422071.4128,0.0,0.0,0.0,0.0,0.0,0.0,0.0,0.0,0.0,8984634.53499,0.0,0.0,0.0,0.0,104586072.0
tt0307901,0.0,0.0,0.0,0.0,0.0,0.0,0.0,0.0,20865726.536,0.0,0.0,0.0,0.0,0.0,0.0,0.0,0.0,0.0,14813887.0
tt0466342,0.0,0.0,0.0,89571064.6991,0.0,0.0,0.0,0.0,0.0,84147167.4831,0.0,0.0,0.0,0.0,0.0,0.0,0.0,0.0,87162424.0
tt0288045,34934492.7065,0.0,0.0,43898080.5325,0.0,0.0,0.0,0.0,0.0,0.0,0.0,0.0,0.0,39181423.7786,0.0,0.0,0.0,0.0,11566343.0
tt0144528,0.0,0.0,0.0,245661662.318,0.0,0.0,0.0,0.0,0.0,227648068.089,195148056.513,0.0,0.0,0.0,0.0,0.0,0.0,0.0,1596448.0
tt1931435,0.0,0.0,0.0,26523128.8148,0.0,0.0,0.0,0.0,0.0,0.0,0.0,0.0,0.0,0.0,0.0,0.0,0.0,0.0,1511954.0
tt0121164,0.0,0.0,46594596.324,0.0,0.0,0.0,0.0,0.0,35049827.649,0.0,0.0,0.0,34718096.3327,0.0,0.0,0.0,0.0,0.0,35338762.0
tt0418819,0.0,0.0,0.0,0.0,0.0,34202223.7685,0.0,0.0,0.0,0.0,0.0,0.0,0.0,0.0,0.0,0.0,0.0,0.0,19878491.0
tt0215545,0.0,0.0,0.0,17393586.6907,0.0,0.0,0.0,0.0,18520215.7384,0.0,0.0,0.0,0.0,0.0,0.0,0.0,0.0,12161552.7539,228674128.0
tt2304771,0.0,0.0,0.0,0.0,0.0,0.0,0.0,23332083.1604,27017755.4656,0.0,0.0,0.0,0.0,0.0,25918904.1807,0.0,0.0,0.0,77249660.0
tt1000774,0.0,0.0,0.0,230966824.653,0.0,0.0,0.0,0.0,198482802.53,211539470.213,0.0,0.0,0.0,0.0,0.0,0.0,0.0,0.0,12664239.0
tt1617661,72985748.9798,94794241.3843,0.0,0.0,0.0,0.0,0.0,0.0,0.0,0.0,58896147.5249,0.0,0.0,0.0,0.0,0.0,0.0,0.0,19315107.0
tt0356470,0.0,0.0,0.0,59852324.2716,0.0,0.0,0.0,0.0,0.0,57905322.3881,0.0,0.0,70471523.9024,0.0,0.0,0.0,0.0,0.0,91864415.0
tt1392214,0.0,0.0,0.0,0.0,61877221.1502,0.0,0.0,0.0,63663355.281,0.0,0.0,0.0,0.0,0.0,0.0,60699754.0311,0.0,0.0,443568593.0
tt0333766,0.0,0.0,0.0,13849992.9699,0.0,0.0,0.0,0.0,13132898.0885,15580505.3251,0.0,0.0,0.0,0.0,0.0,0.0,0.0,0.0,33494422.0
tt1690953,0.0,246883198.993,282947725.633,290355200.16,0.0,0.0,0.0,0.0,0.0,0.0,0.0,0.0,0.0,0.0,0.0,0.0,0.0,0.0,8594192.0
tt0824747,0.0,0.0,0.0,0.0,57560919.3228,0.0,0.0,0.0,68913638.6779,0.0,0.0,0.0,0.0,0.0,0.0,54093782.9588,0.0,0.0,114570618.0
tt0361841,0.0,0.0,0.0,37047858.3552,0.0,0.0,0.0,0.0,37755973.0641,39053388.0242,0.0,0.0,0.0,0.0,0.0,0.0,0.0,0.0,20397875.0
tt0298744,0.0,0.0,0.0,0.0,12167738.4341,0.0,0.0,15505696.7385,15867217.642,0.0,0.0,0.0,0.0,0.0,0.0,0.0,0.0,0.0,54269660.0
tt0315824,0.0,0.0,0.0,26776677.1587,22494130.6633,0.0,0.0,0.0,0.0,0.0,0.0,0.0,0.0,0.0,0.0,0.0,0.0,0.0,205763862.0
tt0361596,0.0,0.0,0.0,0.0,0.0,0.0,83229655.924,0.0,95205566.4647,0.0,0.0,0.0,0.0,0.0,0.0,0.0,0.0,0.0,880843.0
tt0283632,0.0,0.0,0.0,0.0,0.0,23978109.454,0.0,0.0,0.0,0.0,0.0,27119746.4042,0.0,0.0,0.0,26534169.8175,0.0,0.0,26091186.0
tt0795421,0.0,0.0,0.0,113657201.338,0.0,0.0,0.0,0.0,0.0,0.0,0.0,0.0,114690743.283,0.0,0.0,0.0,0.0,0.0,29386875.0
tt1416801,0.0,0.0,0.0,0.0,12756478.6614,0.0,0.0,16282624.9281,16977781.56,0.0,0.0,0.0,0.0,0.0,0.0,0.0,0.0,0.0,18152277.0
tt0267804,87356238.9735,0.0,0.0,0.0,0.0,0.0,0.0,0.0,0.0,0.0,82255355.9479,88655637.082,0.0,0.0,0.0,0.0,0.0,0.0,5084721.0
tt0382625,0.0,0.0,0.0,0.0,0.0,0.0,0.0,0.0,0.0,0.0,0.0,300734652.721,0.0,0.0,0.0,304910147.072,0.0,0.0,62767261.0
tt0325258,0.0,0.0,0.0,33034043.9824,0.0,0.0,0.0,0.0,0.0,0.0,0.0,0.0,0.0,0.0,0.0,0.0,0.0,0.0,3948081.0
tt1013860,10531990.8461,0.0,0.0,13424723.7548,10497783.5039,0.0,0.0,0.0,0.0,0.0,0.0,0.0,0.0,0.0,0.0,0.0,0.0,0.0,123158984.0
tt1126590,0.0,0.0,0.0,0.0,11619199.4021,0.0,0.0,12839068.6044,13250774.92,0.0,0.0,0.0,0.0,0.0,0.0,0.0,0.0,0.0,10002089.0
tt0121766,436353393.473,427445889.151,0.0,0.0,0.0,0.0,0.0,0.0,0.0,0.0,0.0,0.0,0.0,421103902.959,0.0,0.0,0.0,0.0,14233405.0
tt0121765,364082837.661,364320199.582,0.0,0.0,0.0,0.0,0.0,0.0,0.0,0.0,0.0,0.0,0.0,361900084.342,0.0,0.0,0.0,0.0,40728639.0
tt0382628,0.0,0.0,0.0,0.0,0.0,34842587.6348,0.0,0.0,41936956.1291,0.0,0.0,39434029.5401,0.0,0.0,0.0,0.0,0.0,0.0,157181663.0
tt3464902,0.0,0.0,0.0,14028124.0702,0.0,0.0,0.0,0.0,13478151.4141,15860639.6904,0.0,0.0,0.0,0.0,0.0,0.0,0.0,0.0,59768475.0
tt1216475,0.0,241335810.948,282632198.122,274207490.251,0.0,0.0,0.0,0.0,0.0,0.0,0.0,0.0,0.0,0.0,0.0,0.0,0.0,0.0,23100617.0
tt1213644,0.0,0.0,0.0,25500738.9348,0.0,0.0,0.0,0.0,0.0,0.0,0.0,0.0,0.0,0.0,0.0,0.0,0.0,0.0,31534096.0
tt1149361,17297916.8576,0.0,0.0,21790066.5931,17553308.1273,0.0,0.0,0.0,0.0,0.0,0.0,0.0,0.0,0.0,0.0,0.0,0.0,0.0,23898553.0
tt0437179,20942196.6991,0.0,0.0,0.0,0.0,18955852.8512,0.0,0.0,0.0,0.0,0.0,21647239.3832,0.0,0.0,0.0,0.0,0.0,0.0,2555876.0
tt1149362,0.0,0.0,0.0,0.0,0.0,0.0,0.0,0.0,17777259.8672,0.0,0.0,0.0,0.0,0.0,0.0,14096656.1139,0.0,0.0,102753269.0
tt0351977,65957040.7071,0.0,0.0,0.0,70001528.725,0.0,0.0,0.0,0.0,0.0,0.0,0.0,0.0,0.0,0.0,0.0,0.0,0.0,35515364.0
tt0491747,0.0,0.0,0.0,0.0,0.0,0.0,0.0,0.0,12906840.7614,0.0,0.0,0.0,0.0,0.0,0.0,0.0,0.0,0.0,172818594.0
tt1547230,0.0,0.0,0.0,18538358.2063,0.0,0.0,0.0,0.0,0.0,0.0,0.0,0.0,32712138.286,0.0,0.0,0.0,0.0,0.0,119985679.0
tt0369339,0.0,0.0,0.0,0.0,107575286.977,0.0,0.0,0.0,114156794.71,0.0,0.0,104179229.707,0.0,0.0,0.0,0.0,0.0,0.0,17675929.0
tt1032815,0.0,0.0,0.0,20730423.9058,0.0,0.0,0.0,0.0,0.0,23020263.8782,0.0,0.0,0.0,0.0,0.0,0.0,0.0,0.0,10441396.0
tt0377062,22282785.2498,34020545.9556,0.0,0.0,0.0,0.0,0.0,0.0,34768922.2937,0.0,0.0,0.0,0.0,0.0,0.0,0.0,0.0,0.0,29494568.0
tt0814022,26503626.8418,0.0,0.0,0.0,28845848.1909,0.0,0.0,0.0,0.0,0.0,0.0,30399698.5295,0.0,0.0,0.0,0.0,0.0,0.0,89776857.0
tt0368794,0.0,0.0,0.0,0.0,0.0,0.0,0.0,21591797.4205,23063801.6199,0.0,0.0,0.0,0.0,0.0,0.0,0.0,0.0,16728407.742,61615892.0
tt1029231,15962752.8803,0.0,0.0,0.0,0.0,0.0,0.0,0.0,0.0,21109383.0461,-2166241.92905,0.0,0.0,0.0,0.0,0.0,0.0,0.0,10799427.0
tt0465580,34892209.1203,0.0,0.0,0.0,0.0,0.0,0.0,0.0,0.0,0.0,30621260.0789,37591027.0689,0.0,0.0,0.0,0.0,0.0,0.0,7308989.0
tt0369441,0.0,0.0,0.0,117933732.761,102461628.026,0.0,0.0,0.0,0.0,0.0,0.0,0.0,0.0,0.0,0.0,0.0,0.0,0.0,71264310.0
tt0317676,0.0,33106231.6915,0.0,0.0,0.0,22495510.6578,0.0,0.0,0.0,0.0,0.0,0.0,0.0,0.0,0.0,0.0,0.0,0.0,89169634.0
tt1726669,0.0,0.0,0.0,0.0,12192609.4162,0.0,0.0,0.0,16226633.8261,17635458.0968,0.0,0.0,0.0,0.0,0.0,0.0,0.0,0.0,3675847.0
tt0286106,0.0,0.0,0.0,0.0,0.0,0.0,0.0,0.0,265096952.74,0.0,252040599.469,0.0,0.0,0.0,0.0,256246776.655,0.0,0.0,2684852.0
tt0844671,0.0,0.0,0.0,6750029.84751,0.0,0.0,0.0,0.0,0.0,0.0,0.0,0.0,0.0,0.0,0.0,0.0,0.0,0.0,18805847.0
tt1570728,0.0,0.0,0.0,69794224.9658,0.0,0.0,0.0,0.0,64462925.7761,68172541.9862,0.0,0.0,0.0,0.0,0.0,0.0,0.0,0.0,144911518.0
tt0149624,0.0,0.0,0.0,0.0,0.0,0.0,0.0,0.0,43197754.2208,36154809.7121,0.0,0.0,0.0,0.0,0.0,0.0,0.0,0.0,116440774.0
tt0970866,0.0,0.0,0.0,122749589.612,0.0,0.0,0.0,0.0,0.0,117572223.011,0.0,0.0,0.0,0.0,0.0,0.0,0.0,0.0,63532071.0
tt0258463,124358210.365,0.0,0.0,0.0,0.0,0.0,0.0,0.0,0.0,0.0,0.0,123509222.049,0.0,0.0,0.0,122440236.704,0.0,0.0,150171457.0
tt0215750,0.0,0.0,0.0,0.0,0.0,0.0,0.0,0.0,98501808.8378,0.0,0.0,0.0,0.0,0.0,95655785.7552,0.0,0.0,0.0,21752824.0
tt0410454,0.0,0.0,0.0,0.0,0.0,0.0,0.0,0.0,16141364.2538,17841498.2269,0.0,0.0,0.0,0.0,0.0,0.0,0.0,0.0,270420729.0
tt0333780,0.0,0.0,0.0,105955571.699,0.0,0.0,0.0,0.0,0.0,0.0,0.0,0.0,0.0,0.0,0.0,0.0,0.0,0.0,56838604.0
tt0283111,0.0,0.0,0.0,33252074.6926,0.0,0.0,0.0,0.0,0.0,33401064.9993,0.0,0.0,0.0,0.0,0.0,0.0,0.0,0.0,84667849.0
tt1541995,0.0,0.0,0.0,0.0,0.0,0.0,0.0,0.0,14023147.5846,0.0,0.0,0.0,0.0,0.0,13021055.2235,0.0,0.0,0.0,2950940.0
tt1496025,81137813.4806,0.0,0.0,0.0,0.0,76825738.1351,0.0,0.0,0.0,0.0,0.0,0.0,0.0,84271716.4749,0.0,0.0,0.0,0.0,29577701.0
tt0397892,0.0,124351530.811,142821789.971,133677758.828,0.0,0.0,0.0,0.0,0.0,0.0,0.0,0.0,0.0,0.0,0.0,0.0,0.0,0.0,199296615.0
tt0280720,0.0,0.0,0.0,19098938.7919,0.0,0.0,0.0,0.0,0.0,20996838.536,0.0,0.0,0.0,0.0,0.0,0.0,0.0,13626267.6074,3126576.0
tt0795351,0.0,0.0,0.0,0.0,0.0,17061696.2085,0.0,0.0,0.0,0.0,0.0,20578813.6724,0.0,0.0,0.0,19245627.1442,0.0,0.0,69883172.0
tt0387575,0.0,0.0,0.0,39486489.9781,0.0,30684319.2692,0.0,0.0,0.0,0.0,0.0,0.0,0.0,29892787.4784,0.0,0.0,0.0,0.0,56064114.0
tt0163676,0.0,0.0,0.0,0.0,0.0,0.0,0.0,0.0,22643415.2656,0.0,0.0,17704985.2071,0.0,0.0,0.0,15296758.0829,0.0,0.0,95155163.0
tt0425210,0.0,0.0,0.0,0.0,30401393.348,0.0,0.0,0.0,34471270.8858,0.0,0.0,0.0,0.0,0.0,0.0,30319183.0099,0.0,0.0,5883782.0
tt1119646,0.0,0.0,0.0,164879351.344,0.0,0.0,0.0,0.0,0.0,0.0,0.0,0.0,0.0,0.0,0.0,0.0,0.0,0.0,99597838.0
tt0180093,0.0,0.0,0.0,0.0,0.0,0.0,0.0,0.0,14369318.524,0.0,0.0,0.0,0.0,0.0,0.0,0.0,0.0,0.0,48154395.0
tt0368975,0.0,0.0,0.0,16404528.5014,0.0,0.0,0.0,0.0,0.0,18918957.7188,0.0,0.0,0.0,0.0,0.0,0.0,0.0,0.0,21026243.0
tt0420332,0.0,0.0,0.0,0.0,0.0,0.0,0.0,0.0,17572873.4112,19626954.527,0.0,0.0,0.0,0.0,0.0,0.0,0.0,0.0,7053945.0
tt0808151,0.0,0.0,0.0,0.0,0.0,0.0,0.0,0.0,0.0,0.0,0.0,172753022.609,0.0,0.0,0.0,168025312.575,0.0,0.0,30647691.0
tt0295289,0.0,0.0,0.0,36436520.6394,0.0,0.0,0.0,0.0,0.0,37431537.516,0.0,0.0,0.0,0.0,0.0,0.0,0.0,0.0,11367589.0
tt0910970,0.0,252410616.425,295045878.53,0.0,0.0,0.0,0.0,0.0,0.0,0.0,0.0,0.0,249748355.307,0.0,0.0,0.0,0.0,0.0,21780121.0
tt0317219,0.0,244738903.35,283869402.531,281520889.429,0.0,0.0,0.0,0.0,0.0,0.0,0.0,0.0,0.0,0.0,0.0,0.0,0.0,0.0,1962174.0
tt1242460,0.0,0.0,0.0,0.0,0.0,0.0,0.0,0.0,14398737.6547,0.0,0.0,13001479.7193,0.0,0.0,0.0,0.0,0.0,0.0,5815278.0
tt0268978,0.0,0.0,0.0,0.0,0.0,0.0,0.0,38794111.1129,53190879.2626,43241121.2669,0.0,0.0,0.0,0.0,0.0,0.0,0.0,0.0,96784424.0
tt0303714,0.0,0.0,0.0,104310014.155,0.0,0.0,0.0,0.0,86600759.3067,0.0,0.0,0.0,0.0,0.0,0.0,0.0,0.0,0.0,4917985.0
tt0453451,0.0,0.0,0.0,47023024.137,0.0,0.0,0.0,0.0,0.0,0.0,0.0,0.0,57957890.7269,0.0,0.0,0.0,0.0,0.0,55500965.0
tt0273923,0.0,0.0,0.0,73493353.8434,0.0,0.0,0.0,0.0,62707252.6611,0.0,0.0,0.0,0.0,0.0,0.0,0.0,0.0,0.0,107227684.0
tt0429573,0.0,0.0,0.0,0.0,0.0,22375624.4831,0.0,0.0,0.0,0.0,0.0,25586089.4612,0.0,0.0,0.0,25511298.254,0.0,0.0,45991922.0
tt0313196,0.0,0.0,0.0,0.0,0.0,0.0,0.0,0.0,13789087.562,16598198.7164,0.0,0.0,0.0,0.0,0.0,0.0,0.0,0.0,37983163.0
tt2183034,0.0,18187516.7936,0.0,0.0,0.0,0.0,0.0,0.0,0.0,0.0,21349719.963,0.0,32687649.3956,0.0,0.0,0.0,0.0,0.0,189748778.0
tt0407265,0.0,22429153.2411,0.0,13442080.2047,0.0,0.0,0.0,0.0,11441887.8174,0.0,0.0,0.0,0.0,0.0,0.0,0.0,0.0,0.0,34018262.0
tt2023453,0.0,0.0,0.0,42176769.3469,0.0,0.0,0.0,0.0,0.0,0.0,0.0,0.0,54482327.488,0.0,0.0,0.0,0.0,0.0,241265220.0
tt1065073,0.0,0.0,0.0,0.0,0.0,0.0,0.0,0.0,12096936.2933,0.0,0.0,0.0,0.0,0.0,0.0,0.0,0.0,0.0,10457956.0
tt1647668,0.0,0.0,0.0,0.0,0.0,0.0,0.0,30143532.7155,26966019.1613,0.0,0.0,0.0,0.0,0.0,0.0,0.0,35392818.7428,0.0,7268043.0
tt0283160,17175593.558,31317072.158,0.0,0.0,0.0,0.0,0.0,0.0,0.0,0.0,0.0,22227254.4847,0.0,0.0,0.0,0.0,0.0,0.0,27441478.0
tt0242587,0.0,0.0,0.0,0.0,9837079.01474,0.0,0.0,0.0,11752350.4453,0.0,0.0,0.0,0.0,0.0,0.0,0.0,0.0,0.0,47096584.0
tt0466909,0.0,0.0,0.0,0.0,0.0,52785476.5893,0.0,0.0,0.0,0.0,0.0,0.0,0.0,53712697.0214,0.0,58905684.8376,0.0,0.0,22250067.0
tt0171580,0.0,0.0,0.0,52655276.9174,45241012.4246,0.0,0.0,0.0,53192703.3749,0.0,0.0,0.0,0.0,0.0,0.0,0.0,0.0,0.0,107553599.0
tt1205537,49361884.8,0.0,0.0,0.0,0.0,0.0,0.0,0.0,58395854.6421,0.0,0.0,52998911.4851,0.0,0.0,0.0,0.0,0.0,0.0,117390006.0
tt0864835,0.0,120624274.701,137579176.324,132390353.33,0.0,0.0,0.0,0.0,0.0,0.0,0.0,0.0,0.0,0.0,0.0,0.0,0.0,0.0,56328479.0
tt0234215,406197796.293,0.0,0.0,0.0,0.0,0.0,0.0,0.0,0.0,0.0,376785518.368,0.0,0.0,0.0,0.0,0.0,0.0,0.0,80799672.0
tt0251736,0.0,0.0,0.0,0.0,0.0,20903507.7128,0.0,0.0,0.0,0.0,0.0,0.0,0.0,0.0,0.0,0.0,0.0,0.0,34667134.0
tt2042568,0.0,0.0,0.0,0.0,0.0,0.0,0.0,0.0,17100211.766,0.0,0.0,0.0,0.0,0.0,0.0,0.0,0.0,10526762.3953,203073896.0
tt1876451,0.0,0.0,0.0,0.0,0.0,0.0,0.0,0.0,34002249.5443,0.0,0.0,0.0,0.0,0.0,0.0,0.0,0.0,34274898.52,159170910.0
tt1905041,316346307.539,0.0,0.0,0.0,328326805.5,0.0,0.0,0.0,0.0,0.0,0.0,308880990.923,0.0,0.0,0.0,0.0,0.0,0.0,645107816.0
tt0475998,0.0,28963669.4684,31741999.9024,22590857.7286,0.0,0.0,0.0,0.0,0.0,0.0,0.0,0.0,0.0,0.0,0.0,0.0,0.0,0.0,2810078.0
tt0327437,46749470.2165,67978640.7194,0.0,64786485.9242,0.0,0.0,0.0,0.0,0.0,0.0,0.0,0.0,0.0,0.0,0.0,0.0,0.0,0.0,3934643.0
tt0138749,0.0,90809249.1625,103571866.205,93849702.5056,0.0,0.0,0.0,0.0,0.0,0.0,0.0,0.0,0.0,0.0,0.0,0.0,0.0,0.0,121178237.0
tt0398017,0.0,0.0,0.0,0.0,0.0,0.0,0.0,0.0,47212349.2445,0.0,0.0,46576270.8918,0.0,0.0,0.0,0.0,0.0,0.0,72658141.0
tt1663143,0.0,9305314.86496,0.0,5473216.56268,0.0,0.0,0.0,0.0,0.0,0.0,0.0,0.0,0.0,0.0,0.0,0.0,0.0,0.0,8878932.0
tt0240890,0.0,0.0,0.0,68557400.3713,0.0,0.0,0.0,0.0,0.0,66400699.9001,0.0,0.0,0.0,0.0,0.0,0.0,0.0,0.0,16543754.0
tt0395251,0.0,0.0,0.0,29127599.8144,0.0,0.0,0.0,0.0,0.0,0.0,0.0,0.0,0.0,0.0,0.0,0.0,0.0,0.0,120548238.0
tt0203755,0.0,0.0,0.0,16897880.5052,13861998.4853,0.0,0.0,0.0,0.0,0.0,0.0,0.0,0.0,0.0,0.0,0.0,0.0,0.0,145355423.0
tt3014666,0.0,0.0,0.0,19804341.9414,0.0,0.0,0.0,0.0,0.0,0.0,0.0,0.0,0.0,0.0,0.0,0.0,0.0,0.0,47828288.0
tt0452598,0.0,70753977.4701,0.0,75087156.0119,0.0,0.0,0.0,0.0,0.0,0.0,0.0,0.0,75111288.045,0.0,0.0,0.0,0.0,0.0,1117445.0
tt0884328,0.0,0.0,0.0,0.0,0.0,26721935.5885,0.0,0.0,0.0,0.0,0.0,0.0,0.0,0.0,0.0,0.0,0.0,0.0,277190557.0
tt0120679,0.0,0.0,0.0,0.0,0.0,0.0,0.0,17934782.268,19322682.1235,19902087.0735,0.0,0.0,0.0,0.0,0.0,0.0,0.0,0.0,2559482.0
tt0416315,0.0,0.0,0.0,0.0,0.0,14698914.9263,0.0,0.0,0.0,0.0,0.0,0.0,0.0,0.0,0.0,0.0,0.0,0.0,41242836.0
tt0307479,0.0,0.0,0.0,0.0,0.0,0.0,0.0,0.0,47602556.9369,46205876.7132,0.0,0.0,0.0,0.0,0.0,35198889.1842,0.0,0.0,13812481.0
tt1060277,153686694.891,0.0,0.0,0.0,0.0,138865983.548,0.0,0.0,0.0,0.0,156047622.21,0.0,0.0,0.0,0.0,0.0,0.0,0.0,11467383.0
tt0330793,55143354.6425,0.0,0.0,0.0,57201717.4585,0.0,0.0,0.0,59809101.7353,0.0,0.0,0.0,0.0,0.0,0.0,0.0,0.0,0.0,72274374.0
tt0138524,0.0,0.0,0.0,72755614.8494,63266431.3542,0.0,0.0,0.0,0.0,72625916.3875,0.0,0.0,0.0,0.0,0.0,0.0,0.0,0.0,83600763.0
tt0452608,45499056.6637,0.0,0.0,0.0,0.0,0.0,0.0,0.0,0.0,0.0,41432535.8802,48277957.3593,0.0,0.0,0.0,0.0,0.0,0.0,96548667.0
tt0842926,0.0,0.0,0.0,14876576.3717,0.0,0.0,0.0,0.0,14015523.9041,16535935.891,0.0,0.0,0.0,0.0,0.0,0.0,0.0,0.0,15779733.0
tt4337690,0.0,0.0,0.0,0.0,0.0,0.0,0.0,0.0,11578560.7264,0.0,0.0,0.0,0.0,0.0,0.0,0.0,0.0,0.0,47497859.0
tt0272338,0.0,0.0,0.0,23902362.2572,0.0,0.0,0.0,0.0,28171039.2914,26336236.3952,0.0,0.0,0.0,0.0,0.0,0.0,0.0,0.0,64100973.0
tt0198781,0.0,64309182.9051,65443381.1135,55160135.6228,0.0,0.0,0.0,0.0,0.0,0.0,0.0,0.0,0.0,0.0,0.0,0.0,0.0,0.0,64103926.0
tt1217209,0.0,235392654.379,274016403.384,268005504.169,0.0,0.0,0.0,0.0,0.0,0.0,0.0,0.0,0.0,0.0,0.0,0.0,0.0,0.0,55500640.0
tt0327247,0.0,0.0,0.0,35385660.4387,30348525.1208,0.0,0.0,0.0,0.0,0.0,0.0,31938272.3144,0.0,0.0,0.0,0.0,0.0,0.0,31953694.0
tt0312004,0.0,0.0,60603044.8919,63331211.4416,0.0,0.0,0.0,0.0,0.0,0.0,0.0,0.0,71377471.4753,0.0,0.0,0.0,0.0,0.0,14519765.0
tt0449467,0.0,0.0,0.0,0.0,0.0,0.0,0.0,0.0,26247196.1267,0.0,0.0,0.0,0.0,0.0,0.0,0.0,0.0,0.0,1687976.0
tt0164052,138766330.097,0.0,0.0,0.0,0.0,135195978.663,0.0,0.0,0.0,0.0,123227414.861,0.0,0.0,0.0,0.0,0.0,0.0,0.0,20745349.0
tt0780511,0.0,20807254.6103,0.0,0.0,0.0,0.0,0.0,0.0,15626845.6962,0.0,0.0,0.0,0.0,0.0,0.0,0.0,0.0,0.0,162972624.0
tt1438176,0.0,0.0,0.0,23805895.7461,0.0,17786627.6767,0.0,0.0,0.0,0.0,0.0,0.0,0.0,0.0,0.0,0.0,0.0,0.0,114321891.0
tt1114740,99366874.895,0.0,0.0,114131825.102,100009690.206,0.0,0.0,0.0,0.0,0.0,0.0,0.0,0.0,0.0,0.0,0.0,0.0,0.0,4630548.0
tt0160009,56329122.0327,69956655.517,0.0,0.0,61510861.1796,0.0,0.0,0.0,0.0,0.0,0.0,0.0,0.0,0.0,0.0,0.0,0.0,0.0,31270732.0
tt0327084,0.0,150847015.586,172122282.501,173070594.291,0.0,0.0,0.0,0.0,0.0,0.0,0.0,0.0,0.0,0.0,0.0,0.0,0.0,0.0,47356819.0
tt2364841,0.0,0.0,0.0,0.0,18929178.7252,0.0,0.0,0.0,0.0,0.0,0.0,20938240.4665,0.0,0.0,0.0,0.0,0.0,0.0,103723.0
tt0300051,0.0,0.0,0.0,50543786.5887,0.0,0.0,0.0,0.0,49878916.142,50718724.8655,0.0,0.0,0.0,0.0,0.0,0.0,0.0,0.0,31615920.0
tt0183649,0.0,0.0,0.0,0.0,61211769.803,0.0,0.0,0.0,0.0,0.0,0.0,59788349.2554,0.0,0.0,0.0,0.0,0.0,0.0,17082027.0
tt0452594,0.0,0.0,0.0,174788077.827,0.0,0.0,0.0,0.0,151731746.633,161330087.739,0.0,0.0,0.0,0.0,0.0,0.0,0.0,0.0,391093221.0
tt0246464,0.0,0.0,0.0,29014727.4014,24426838.4274,0.0,0.0,0.0,0.0,0.0,0.0,26456118.0996,0.0,0.0,0.0,0.0,0.0,0.0,12905237.0
tt2980706,0.0,50264036.7043,52639343.3643,55019529.6962,0.0,0.0,0.0,0.0,0.0,0.0,0.0,0.0,0.0,0.0,0.0,0.0,0.0,0.0,2305269.0
tt0246460,227090659.354,241664439.051,0.0,0.0,0.0,0.0,0.0,0.0,0.0,0.0,0.0,227671687.166,0.0,0.0,0.0,0.0,0.0,0.0,63363091.0
tt0455760,0.0,0.0,0.0,0.0,0.0,28309200.0167,0.0,0.0,0.0,0.0,0.0,0.0,0.0,0.0,0.0,0.0,0.0,0.0,108581263.0
tt0141399,0.0,0.0,0.0,32159884.6797,0.0,0.0,0.0,33943084.8932,0.0,35798183.6212,0.0,0.0,0.0,0.0,0.0,0.0,0.0,0.0,36311654.0
tt0243493,0.0,0.0,0.0,19278901.5247,0.0,0.0,0.0,0.0,0.0,0.0,0.0,0.0,0.0,0.0,0.0,0.0,0.0,0.0,59799772.0
tt0379786,43422685.5824,53822611.1839,0.0,0.0,0.0,0.0,0.0,0.0,0.0,0.0,36684124.8622,0.0,0.0,0.0,0.0,0.0,0.0,0.0,45938243.0
tt0384806,0.0,0.0,0.0,0.0,0.0,74213375.6506,0.0,0.0,78575479.796,0.0,0.0,0.0,0.0,0.0,0.0,84027790.2645,0.0,0.0,31354310.0
tt0441007,0.0,0.0,0.0,0.0,0.0,0.0,0.0,8814086.58849,10842890.5763,0.0,0.0,0.0,0.0,0.0,0.0,0.0,14171436.9648,0.0,15376680.0
tt0211181,0.0,122188134.317,0.0,130992759.577,0.0,0.0,0.0,0.0,0.0,0.0,0.0,0.0,118166184.355,0.0,0.0,0.0,0.0,0.0,97969269.0
tt0231448,14063893.7233,0.0,0.0,0.0,13885589.2726,0.0,0.0,0.0,15912101.7549,0.0,0.0,0.0,0.0,0.0,0.0,0.0,0.0,0.0,8122509.0
tt0417225,0.0,0.0,0.0,0.0,29053705.6104,0.0,0.0,0.0,31546580.8303,0.0,0.0,0.0,0.0,0.0,0.0,0.0,0.0,0.0,9624951.0
tt2562232,0.0,0.0,0.0,18603504.3396,0.0,0.0,0.0,0.0,18989149.819,20815992.4987,0.0,0.0,0.0,0.0,0.0,0.0,0.0,0.0,111552597.0
tt0478311,0.0,0.0,0.0,124667004.035,0.0,0.0,0.0,0.0,0.0,115065469.966,0.0,0.0,0.0,0.0,0.0,0.0,0.0,0.0,94298059.0
tt0268126,0.0,0.0,0.0,21532553.4339,0.0,0.0,0.0,0.0,24428439.1026,0.0,0.0,0.0,0.0,0.0,0.0,0.0,0.0,0.0,5798951.0
tt0343996,0.0,0.0,0.0,0.0,0.0,0.0,0.0,0.0,17077521.8172,18419850.0646,0.0,0.0,0.0,0.0,0.0,0.0,0.0,0.0,18420172.0
tt0248845,0.0,0.0,0.0,15382068.0148,0.0,0.0,0.0,0.0,15497355.9419,0.0,0.0,0.0,0.0,0.0,0.0,0.0,0.0,9317817.36391,1611007.0
tt0448134,0.0,36890894.3204,0.0,0.0,0.0,0.0,0.0,0.0,0.0,0.0,-3629695.88279,22087317.8562,0.0,0.0,0.0,0.0,0.0,0.0,17174216.0
tt0413300,597241886.921,597678879.883,0.0,0.0,0.0,0.0,0.0,0.0,0.0,691661329.888,0.0,0.0,0.0,0.0,0.0,0.0,0.0,0.0,4368553.0
tt0263734,0.0,0.0,0.0,15043181.4926,0.0,0.0,0.0,0.0,15615076.1812,17127309.9222,0.0,0.0,0.0,0.0,0.0,0.0,0.0,0.0,1470835.0
tt0342258,49574167.463,0.0,0.0,0.0,52239578.0528,0.0,0.0,0.0,59642933.1799,0.0,0.0,0.0,0.0,0.0,0.0,0.0,0.0,0.0,156915412.0
tt1673697,0.0,0.0,0.0,15237558.71,0.0,0.0,0.0,15141328.6588,15736035.9028,0.0,0.0,0.0,0.0,0.0,0.0,0.0,0.0,0.0,12149887.0
tt0190524,15690560.2556,0.0,0.0,0.0,0.0,0.0,0.0,0.0,15853223.3484,0.0,0.0,0.0,0.0,13543317.8391,0.0,0.0,0.0,0.0,153792585.0
tt0430922,0.0,0.0,0.0,73550577.8403,0.0,0.0,0.0,0.0,0.0,0.0,0.0,0.0,0.0,0.0,0.0,0.0,0.0,0.0,150622713.0
tt0963966,68891709.9269,87902912.8404,0.0,0.0,0.0,0.0,0.0,0.0,0.0,0.0,0.0,0.0,74826022.3479,0.0,0.0,0.0,0.0,0.0,57126034.0
tt2528814,0.0,0.0,0.0,0.0,0.0,0.0,0.0,0.0,31388092.3081,0.0,0.0,0.0,0.0,0.0,0.0,0.0,0.0,0.0,3355858.0
tt0413099,0.0,0.0,0.0,170626596.503,0.0,0.0,0.0,0.0,0.0,0.0,0.0,0.0,140277512.732,167747057.497,0.0,0.0,0.0,0.0,24460819.0
tt1528100,84459067.3591,100227648.403,0.0,0.0,0.0,0.0,0.0,0.0,112964877.639,0.0,0.0,0.0,0.0,0.0,0.0,0.0,0.0,0.0,1864178.0
tt0330373,0.0,419502082.848,0.0,0.0,0.0,0.0,0.0,0.0,0.0,0.0,0.0,0.0,448449956.036,421713311.813,0.0,0.0,0.0,0.0,15738367.0
tt0183790,79150250.6895,90508758.3003,0.0,0.0,0.0,0.0,0.0,0.0,0.0,94402341.6056,0.0,0.0,0.0,0.0,0.0,0.0,0.0,0.0,27977313.0
tt1758830,0.0,0.0,0.0,40713317.7661,0.0,0.0,0.0,0.0,0.0,41637435.0515,0.0,0.0,0.0,0.0,0.0,0.0,0.0,0.0,52131289.0
tt2082197,0.0,26744269.5845,0.0,16205692.2418,0.0,0.0,0.0,0.0,15104899.3225,0.0,0.0,0.0,0.0,0.0,0.0,0.0,0.0,0.0,258149820.0
tt0486576,222882553.039,229529652.974,0.0,0.0,0.0,0.0,0.0,0.0,0.0,0.0,211100673.044,0.0,0.0,0.0,0.0,0.0,0.0,0.0,67099412.0
tt0449088,564079025.537,573717292.288,0.0,0.0,0.0,0.0,0.0,0.0,0.0,0.0,0.0,0.0,0.0,605636022.344,0.0,0.0,0.0,0.0,43298390.0
tt0838283,0.0,0.0,0.0,129610276.303,0.0,0.0,0.0,0.0,0.0,0.0,0.0,0.0,0.0,0.0,0.0,0.0,0.0,0.0,7068981.0
tt0455590,0.0,0.0,0.0,0.0,0.0,0.0,0.0,14598298.5464,14840277.8661,0.0,0.0,0.0,0.0,0.0,12887875.0128,0.0,0.0,0.0,3844674.0
tt0227005,0.0,0.0,0.0,14811588.0014,11530004.0631,0.0,0.0,0.0,14736457.8115,0.0,0.0,0.0,0.0,0.0,0.0,0.0,0.0,0.0,136627481.0
tt1731141,89294655.6282,0.0,0.0,0.0,0.0,0.0,0.0,0.0,0.0,0.0,83595619.1963,0.0,0.0,0.0,0.0,0.0,0.0,0.0,22862655.0
tt0199290,0.0,0.0,0.0,27376741.4199,0.0,0.0,0.0,0.0,0.0,0.0,0.0,0.0,0.0,0.0,0.0,0.0,0.0,0.0,10930959.0
tt0239986,0.0,0.0,0.0,14520247.1632,0.0,0.0,0.0,0.0,0.0,16155015.3423,0.0,0.0,0.0,0.0,0.0,0.0,0.0,0.0,92116187.0
tt0472198,0.0,0.0,0.0,0.0,72038562.6663,0.0,0.0,96969355.4361,69966462.7631,0.0,0.0,0.0,0.0,0.0,0.0,0.0,0.0,0.0,5793278.0
tt0361925,0.0,0.0,0.0,28759376.6819,0.0,0.0,0.0,0.0,0.0,31174588.9052,0.0,0.0,0.0,0.0,0.0,0.0,0.0,0.0,182237536.0
tt0406375,54530726.3569,65396995.0034,0.0,68188707.6441,0.0,0.0,0.0,0.0,0.0,0.0,0.0,0.0,0.0,0.0,0.0,0.0,0.0,0.0,1509873.0
tt0372532,0.0,0.0,0.0,52678524.9075,0.0,0.0,0.0,0.0,0.0,51045559.6944,0.0,0.0,0.0,0.0,0.0,0.0,0.0,0.0,13339550.0
tt1313092,0.0,0.0,0.0,0.0,10410034.9497,0.0,0.0,0.0,12926617.2614,0.0,0.0,12209681.6955,0.0,0.0,0.0,0.0,0.0,0.0,36652967.0
tt0976222,0.0,0.0,0.0,8947426.15735,0.0,0.0,0.0,0.0,10294477.8395,0.0,0.0,0.0,23485639.939,0.0,0.0,0.0,0.0,0.0,26880131.0
tt0397078,0.0,0.0,0.0,25386373.1464,0.0,0.0,0.0,0.0,0.0,28157993.1959,0.0,0.0,0.0,20676877.936,0.0,0.0,0.0,0.0,56540082.0
tt0401855,101841162.919,106642472.594,0.0,0.0,0.0,0.0,0.0,0.0,0.0,0.0,0.0,0.0,0.0,100501520.904,0.0,0.0,0.0,0.0,4913835.0
tt2404311,0.0,0.0,0.0,43763643.7267,38118943.7738,0.0,0.0,0.0,0.0,0.0,0.0,38712233.0087,0.0,0.0,0.0,0.0,0.0,0.0,67810956.0
tt0387877,0.0,0.0,0.0,0.0,47185497.6363,0.0,0.0,0.0,55743930.0753,0.0,0.0,0.0,0.0,0.0,0.0,44778374.5676,0.0,0.0,40739075.0
tt0286716,278416946.509,0.0,0.0,0.0,0.0,0.0,0.0,0.0,0.0,0.0,258430580.168,0.0,0.0,0.0,0.0,0.0,0.0,0.0,401418.0
tt0396592,0.0,0.0,0.0,45183969.0443,0.0,0.0,0.0,0.0,0.0,0.0,0.0,0.0,55072801.0669,36088514.3575,0.0,0.0,0.0,0.0,6946777.0
tt0432283,0.0,37906345.778,41381465.2139,33830208.1266,0.0,0.0,0.0,0.0,0.0,0.0,0.0,0.0,0.0,0.0,0.0,0.0,0.0,0.0,1481965.0
tt0437863,0.0,0.0,0.0,81580847.1664,0.0,0.0,0.0,0.0,0.0,78058603.9754,0.0,0.0,0.0,0.0,0.0,0.0,82754259.3102,0.0,139291779.0
tt0371606,0.0,191948711.007,223799885.567,213744203.971,0.0,0.0,0.0,0.0,0.0,0.0,0.0,0.0,0.0,0.0,0.0,0.0,0.0,0.0,40902906.0
tt0455326,15602966.527,25097322.6221,27936601.8611,0.0,0.0,0.0,0.0,0.0,0.0,0.0,0.0,0.0,0.0,0.0,0.0,0.0,0.0,0.0,21910876.0
tt1074638,302567963.659,312044320.254,0.0,0.0,0.0,0.0,0.0,0.0,0.0,0.0,0.0,296996828.119,0.0,0.0,0.0,0.0,0.0,0.0,28086179.0
tt1078588,0.0,0.0,0.0,0.0,0.0,0.0,0.0,0.0,42299160.6509,0.0,0.0,0.0,0.0,0.0,0.0,0.0,0.0,0.0,22981621.0
tt0134847,0.0,0.0,0.0,0.0,0.0,63739801.5663,0.0,0.0,0.0,0.0,60429857.566,0.0,0.0,0.0,0.0,0.0,0.0,0.0,85577557.0
tt0212985,0.0,0.0,0.0,0.0,276308308.632,0.0,0.0,0.0,275549536.934,0.0,0.0,260792058.066,0.0,0.0,0.0,0.0,0.0,0.0,6774985.0
tt0479968,0.0,0.0,0.0,0.0,0.0,40427458.0629,0.0,0.0,0.0,0.0,0.0,0.0,0.0,0.0,0.0,44755075.8006,0.0,0.0,16084523.0
tt0255819,0.0,0.0,0.0,0.0,42316192.5474,0.0,0.0,0.0,43633801.0377,48033681.6929,0.0,0.0,0.0,0.0,0.0,0.0,0.0,0.0,64096257.0
tt1234719,47721586.4964,0.0,0.0,0.0,0.0,0.0,0.0,0.0,0.0,0.0,0.0,51676446.3383,0.0,0.0,0.0,0.0,0.0,0.0,245773785.0
tt0166813,0.0,118237755.476,135257490.617,0.0,0.0,0.0,0.0,0.0,0.0,0.0,0.0,0.0,120130411.911,0.0,0.0,0.0,0.0,0.0,3054728.0
tt0428803,0.0,0.0,0.0,0.0,0.0,0.0,14138726.5318,0.0,0.0,0.0,0.0,0.0,0.0,0.0,0.0,0.0,0.0,0.0,24507192.0
tt0308055,0.0,0.0,0.0,0.0,0.0,0.0,0.0,0.0,19085003.5094,0.0,0.0,0.0,0.0,0.0,17601997.1816,0.0,0.0,0.0,21294434.0
tt0443274,0.0,0.0,0.0,0.0,78249796.4789,0.0,0.0,0.0,78533106.2991,0.0,0.0,0.0,0.0,0.0,0.0,76734610.3723,0.0,0.0,76223593.0
tt0174336,0.0,0.0,0.0,14712579.2324,0.0,0.0,0.0,0.0,0.0,16800633.6181,0.0,0.0,0.0,0.0,0.0,0.0,0.0,0.0,11138771.0
tt1097013,16831818.4261,0.0,0.0,19098836.368,15784908.7319,0.0,0.0,0.0,0.0,0.0,0.0,0.0,0.0,0.0,0.0,0.0,0.0,0.0,38237440.0
tt0397065,0.0,0.0,0.0,0.0,0.0,39015051.6954,0.0,0.0,0.0,0.0,0.0,0.0,0.0,0.0,0.0,0.0,0.0,0.0,98606919.0
tt3172532,0.0,0.0,0.0,0.0,0.0,0.0,0.0,0.0,12041936.4957,14747956.5858,0.0,0.0,0.0,0.0,0.0,0.0,0.0,0.0,51566928.0
tt0249462,0.0,0.0,0.0,0.0,0.0,0.0,0.0,0.0,15227242.2768,17112212.9962,0.0,0.0,0.0,0.0,0.0,0.0,0.0,8128466.78707,57775787.0
tt0217756,0.0,0.0,0.0,28465325.6817,0.0,0.0,0.0,0.0,0.0,0.0,0.0,0.0,0.0,0.0,0.0,0.0,30641104.8226,0.0,21284206.0
tt0200720,0.0,0.0,0.0,0.0,0.0,0.0,0.0,0.0,17996712.4603,18872216.4284,0.0,0.0,0.0,0.0,0.0,0.0,0.0,0.0,46191227.0
tt0338337,61169401.9104,0.0,0.0,0.0,0.0,0.0,0.0,0.0,0.0,0.0,54638069.7312,0.0,0.0,0.0,0.0,61422589.6147,0.0,0.0,24845726.0
tt0968264,0.0,0.0,0.0,0.0,21771191.3412,0.0,0.0,0.0,27036968.2737,0.0,0.0,0.0,0.0,0.0,28002842.5687,0.0,0.0,0.0,45038969.0
tt1772240,0.0,0.0,0.0,0.0,0.0,11519650.6125,0.0,0.0,0.0,0.0,23749525.679,0.0,0.0,0.0,0.0,17348433.655,0.0,0.0,91476829.0
tt0195945,0.0,0.0,0.0,96838940.6786,0.0,0.0,0.0,0.0,0.0,0.0,0.0,0.0,0.0,0.0,0.0,0.0,0.0,0.0,84707634.0
tt0427954,20509562.6077,0.0,0.0,0.0,19901496.5144,0.0,0.0,0.0,19742522.4289,0.0,0.0,0.0,0.0,0.0,0.0,0.0,0.0,0.0,232764159.0
tt0427944,0.0,0.0,0.0,15572165.8826,0.0,0.0,0.0,0.0,15610937.3359,0.0,0.0,0.0,0.0,0.0,0.0,0.0,0.0,0.0,42833111.0
tt1127896,0.0,0.0,0.0,22844111.1469,0.0,0.0,0.0,0.0,24851435.9352,0.0,0.0,0.0,0.0,0.0,0.0,0.0,0.0,22285358.3633,92493805.0
tt0980970,0.0,107882836.667,0.0,0.0,0.0,0.0,0.0,0.0,0.0,0.0,0.0,0.0,95868991.7679,112835355.202,0.0,0.0,0.0,0.0,52477831.0
tt0314166,0.0,22172674.7026,21128337.8905,19981701.6392,0.0,0.0,0.0,0.0,0.0,0.0,0.0,0.0,0.0,0.0,0.0,0.0,0.0,0.0,9860856.0
tt0780521,0.0,59198140.9563,69916612.3394,46461266.3934,0.0,0.0,0.0,0.0,0.0,0.0,0.0,0.0,0.0,0.0,0.0,0.0,0.0,0.0,47668916.0
tt0325537,0.0,0.0,0.0,71260353.8937,0.0,0.0,0.0,0.0,0.0,0.0,0.0,0.0,0.0,0.0,0.0,0.0,0.0,0.0,228481180.0
tt1436045,12382157.3788,25546982.9685,0.0,0.0,0.0,0.0,0.0,0.0,13948141.3406,0.0,0.0,0.0,0.0,0.0,0.0,0.0,0.0,0.0,15811305.0
tt0262396,0.0,0.0,0.0,0.0,31585542.3086,0.0,0.0,0.0,30901473.1241,0.0,0.0,31894718.0686,0.0,0.0,0.0,0.0,0.0,0.0,26183087.0
tt0963178,38991787.0343,0.0,0.0,0.0,41715152.9012,0.0,0.0,0.0,48774556.3186,0.0,0.0,0.0,0.0,0.0,0.0,0.0,0.0,0.0,111460887.0
tt0386588,0.0,0.0,0.0,198478916.219,0.0,0.0,0.0,0.0,0.0,183153270.12,0.0,0.0,0.0,0.0,0.0,0.0,0.0,0.0,53126312.0
tt0876563,0.0,37549267.5217,43141179.0229,0.0,0.0,0.0,0.0,0.0,0.0,0.0,0.0,0.0,40099581.1321,0.0,0.0,0.0,0.0,0.0,382464580.0
tt1620719,14401937.6688,0.0,0.0,16709104.9743,13232437.4176,0.0,0.0,0.0,0.0,0.0,0.0,0.0,0.0,0.0,0.0,0.0,0.0,0.0,4910619.0
tt0865556,73878467.852,80829417.3825,0.0,0.0,0.0,0.0,0.0,0.0,0.0,0.0,0.0,0.0,0.0,75224249.8726,0.0,0.0,0.0,0.0,35912675.0
tt0398872,0.0,0.0,24084423.8966,0.0,0.0,0.0,0.0,0.0,0.0,0.0,0.0,0.0,30490295.356,0.0,0.0,0.0,0.0,0.0,9104938.0
tt1194173,127109232.656,137537175.056,0.0,0.0,0.0,0.0,0.0,0.0,147584551.285,0.0,0.0,0.0,0.0,0.0,0.0,0.0,0.0,0.0,104076634.0
tt0865559,0.0,0.0,0.0,19852406.6811,0.0,0.0,0.0,0.0,0.0,22044689.1497,0.0,0.0,0.0,0.0,0.0,0.0,0.0,0.0,75050086.0
tt1640484,0.0,0.0,0.0,51506596.9895,0.0,0.0,0.0,0.0,41358715.8503,0.0,0.0,0.0,0.0,0.0,0.0,0.0,0.0,0.0,23488711.0
tt0425061,134127793.049,138447251.784,0.0,158213903.021,0.0,0.0,0.0,0.0,0.0,0.0,0.0,0.0,0.0,0.0,0.0,0.0,0.0,0.0,14075700.0
tt0346491,85671632.0505,113569859.243,0.0,0.0,0.0,0.0,0.0,150835297.948,0.0,0.0,0.0,0.0,0.0,0.0,0.0,0.0,0.0,0.0,2597836.0
tt0758758,0.0,29415594.0442,0.0,0.0,0.0,0.0,0.0,18260336.0295,19675473.6192,0.0,0.0,0.0,0.0,0.0,0.0,0.0,0.0,0.0,2273336.0
tt2883434,0.0,0.0,0.0,0.0,0.0,0.0,0.0,0.0,18255581.4981,0.0,0.0,0.0,0.0,0.0,0.0,0.0,0.0,0.0,6211914.0
tt0303816,0.0,0.0,0.0,37425682.0022,0.0,28749436.4249,0.0,0.0,0.0,0.0,0.0,0.0,0.0,0.0,0.0,0.0,0.0,0.0,73223008.0
tt0240468,25274033.6211,0.0,0.0,29621960.2828,0.0,0.0,0.0,0.0,0.0,0.0,0.0,0.0,0.0,0.0,0.0,0.0,0.0,0.0,7856875.0
tt0248617,0.0,0.0,0.0,0.0,0.0,0.0,0.0,0.0,12890264.8545,15485570.8758,0.0,0.0,0.0,0.0,0.0,0.0,0.0,0.0,52420093.0
tt0318081,21584439.176,39837345.5754,0.0,0.0,0.0,25061007.7672,0.0,0.0,0.0,0.0,0.0,0.0,0.0,0.0,0.0,0.0,0.0,0.0,63203640.0
tt0964517,0.0,0.0,0.0,0.0,0.0,0.0,0.0,44117872.0003,37222545.9945,0.0,0.0,0.0,0.0,0.0,0.0,0.0,43803916.0878,0.0,2304282.0
tt0758752,0.0,0.0,0.0,35390687.346,0.0,0.0,0.0,0.0,33125897.7067,36693840.2491,0.0,0.0,0.0,0.0,0.0,0.0,0.0,0.0,48349964.0
tt0240462,0.0,0.0,0.0,140829476.136,0.0,0.0,0.0,0.0,0.0,0.0,0.0,0.0,132517400.161,124772349.744,0.0,0.0,0.0,0.0,42558587.0
tt0477051,0.0,0.0,0.0,147324268.606,0.0,0.0,0.0,0.0,131003668.207,137655878.088,0.0,0.0,0.0,0.0,0.0,0.0,0.0,0.0,51753533.0
tt0191636,0.0,0.0,0.0,0.0,0.0,0.0,0.0,0.0,22803330.6855,22192480.751,0.0,0.0,0.0,0.0,0.0,0.0,0.0,0.0,4509591.0
tt1560747,0.0,0.0,0.0,0.0,0.0,0.0,0.0,0.0,27826887.4939,0.0,0.0,0.0,0.0,0.0,0.0,0.0,0.0,0.0,19414870.0
tt2388715,0.0,0.0,0.0,0.0,0.0,25140277.7883,0.0,0.0,0.0,0.0,0.0,0.0,0.0,0.0,0.0,31251021.552,0.0,0.0,36282733.0
tt0349825,0.0,0.0,0.0,0.0,0.0,0.0,0.0,103541349.616,77590859.7905,0.0,0.0,0.0,0.0,0.0,76933077.3636,0.0,0.0,0.0,92209950.0
tt0795368,0.0,0.0,0.0,18337956.2071,0.0,0.0,0.0,0.0,0.0,0.0,0.0,0.0,0.0,0.0,0.0,0.0,0.0,0.0,3276704.0
tt0189192,0.0,0.0,0.0,24579506.4538,0.0,0.0,0.0,0.0,0.0,0.0,7635358.19169,0.0,0.0,25168268.9494,0.0,0.0,0.0,0.0,16089659.0
tt0265298,0.0,50896382.6444,0.0,53317010.7988,0.0,0.0,0.0,0.0,0.0,0.0,0.0,0.0,65272210.1906,0.0,0.0,0.0,0.0,0.0,51225409.0
tt0400497,0.0,53638300.5294,0.0,56860525.9361,0.0,0.0,0.0,0.0,0.0,0.0,0.0,0.0,60249972.073,0.0,0.0,0.0,0.0,0.0,6422118.0
tt0433386,0.0,0.0,0.0,0.0,0.0,64479048.6097,0.0,0.0,0.0,0.0,0.0,70798361.9196,0.0,0.0,0.0,0.0,0.0,0.0,62631651.0
tt0380599,0.0,0.0,0.0,0.0,27335084.8421,0.0,0.0,0.0,43380052.8041,0.0,0.0,0.0,0.0,0.0,0.0,0.0,0.0,0.0,1495535.0
tt1821549,0.0,21642556.126,0.0,12851485.1764,0.0,0.0,0.0,0.0,12897699.123,0.0,0.0,0.0,0.0,0.0,0.0,0.0,0.0,0.0,32416537.0
tt0277434,94215199.4141,0.0,0.0,0.0,0.0,0.0,0.0,0.0,112091439.648,0.0,0.0,0.0,0.0,0.0,113630920.16,0.0,0.0,0.0,43289743.0
tt0219965,0.0,0.0,0.0,81539556.5558,71049224.1106,0.0,0.0,0.0,86133851.1748,0.0,0.0,0.0,0.0,0.0,0.0,0.0,0.0,0.0,15348208.0
tt0328828,0.0,0.0,0.0,163944710.551,0.0,0.0,0.0,0.0,0.0,152384310.445,0.0,0.0,0.0,0.0,0.0,0.0,0.0,0.0,66632338.0
tt0348333,0.0,0.0,0.0,26036083.099,0.0,0.0,0.0,0.0,0.0,0.0,0.0,0.0,0.0,0.0,0.0,0.0,0.0,0.0,11036567.0
tt2310332,0.0,217417278.107,0.0,0.0,0.0,0.0,0.0,0.0,0.0,0.0,0.0,0.0,0.0,228672330.284,0.0,0.0,0.0,0.0,6044178.0
tt0332047,0.0,0.0,0.0,50467905.244,0.0,0.0,0.0,0.0,45682671.9105,50503539.3942,0.0,0.0,0.0,0.0,0.0,0.0,0.0,0.0,102888803.0
tt0453467,83819490.3626,0.0,0.0,0.0,0.0,0.0,0.0,0.0,0.0,0.0,77783093.4225,87312905.6403,0.0,0.0,0.0,0.0,0.0,0.0,24000826.0
tt4009460,0.0,0.0,0.0,12332602.4238,0.0,0.0,0.0,0.0,0.0,0.0,0.0,0.0,31521775.2749,0.0,0.0,0.0,0.0,0.0,409517042.0
tt1153706,39939199.9121,0.0,0.0,47121274.6296,0.0,0.0,0.0,0.0,0.0,0.0,0.0,0.0,0.0,0.0,0.0,0.0,0.0,42174694.6544,108382035.0
tt1462054,0.0,0.0,0.0,0.0,0.0,0.0,0.0,0.0,8546489.58432,0.0,0.0,0.0,28005233.1454,0.0,0.0,0.0,0.0,0.0,90377329.0
tt1402488,0.0,0.0,104836744.553,97679290.4664,0.0,0.0,0.0,0.0,0.0,0.0,0.0,0.0,84804999.63,0.0,0.0,0.0,0.0,0.0,12521190.0
tt0317198,0.0,0.0,0.0,62430668.6109,0.0,0.0,0.0,0.0,62240531.2454,61342720.2635,0.0,0.0,0.0,0.0,0.0,0.0,0.0,0.0,5853170.0
tt0451079,0.0,160510426.585,183904609.086,184511782.023,0.0,0.0,0.0,0.0,0.0,0.0,0.0,0.0,0.0,0.0,0.0,0.0,0.0,0.0,320215050.0
tt1621046,0.0,0.0,0.0,0.0,0.0,0.0,0.0,19681241.8751,18123515.9956,0.0,0.0,0.0,0.0,0.0,0.0,0.0,0.0,0.0,54956465.0
tt1621045,0.0,0.0,0.0,116598086.49,0.0,0.0,0.0,0.0,0.0,106916849.436,0.0,0.0,0.0,0.0,0.0,0.0,0.0,0.0,38046280.0
tt3397884,32752913.3514,0.0,0.0,0.0,33953097.6874,0.0,0.0,0.0,35590707.1314,0.0,0.0,0.0,0.0,0.0,0.0,0.0,0.0,0.0,106755108.0
tt0450345,0.0,0.0,0.0,0.0,0.0,42312398.5954,0.0,0.0,0.0,0.0,0.0,47181235.7581,0.0,0.0,0.0,45595423.6078,0.0,0.0,39051259.0
tt0963794,0.0,0.0,0.0,0.0,0.0,16748867.5157,0.0,0.0,0.0,0.0,0.0,0.0,0.0,0.0,0.0,0.0,0.0,0.0,31259996.0
